#category	term ID	term description	observed gene count	background gene count	strength	false discovery rate	matching proteins in your network (IDs)	matching proteins in your network (labels)
GO Process	GO:0002694	Regulation of leukocyte activation	16	601	0.86	8.51e-06	9606.ENSP00000221804,9606.ENSP00000231449,9606.ENSP00000231454,9606.ENSP00000245414,9606.ENSP00000246672,9606.ENSP00000261523,9606.ENSP00000264257,9606.ENSP00000282356,9606.ENSP00000304915,9606.ENSP00000339804,9606.ENSP00000344544,9606.ENSP00000370842,9606.ENSP00000379111,9606.ENSP00000380855,9606.ENSP00000384126,9606.ENSP00000449396	CLC,IL4,IL5,IRF1,NR1D1,RORA,IL1RL2,CAMK4,IL13,TSLP,IKZF3,IL33,IL4R,PDCD1LG2,LRRC32,SMARCC2
GO Process	GO:0006955	Immune response	21	1321	0.64	3.56e-05	9606.ENSP00000225474,9606.ENSP00000228606,9606.ENSP00000231449,9606.ENSP00000231454,9606.ENSP00000245414,9606.ENSP00000257749,9606.ENSP00000261523,9606.ENSP00000264257,9606.ENSP00000264260,9606.ENSP00000282356,9606.ENSP00000302324,9606.ENSP00000304915,9606.ENSP00000315768,9606.ENSP00000332659,9606.ENSP00000332973,9606.ENSP00000338010,9606.ENSP00000339804,9606.ENSP00000370842,9606.ENSP00000379111,9606.ENSP00000380855,9606.ENSP00000395708	CSF3,CYP27B1,IL4,IL5,IRF1,BACH2,RORA,IL1RL2,IL18RAP,CAMK4,RNASE3,IL13,STAT2,CCR4,SMAD3,IL21R,TSLP,IL33,IL4R,PDCD1LG2,RAPGEF3
GO Process	GO:0042127	Regulation of cell population proliferation	23	1669	0.58	5.98e-05	9606.ENSP00000221804,9606.ENSP00000225474,9606.ENSP00000228606,9606.ENSP00000231449,9606.ENSP00000231454,9606.ENSP00000245414,9606.ENSP00000246672,9606.ENSP00000257868,9606.ENSP00000266970,9606.ENSP00000267101,9606.ENSP00000300651,9606.ENSP00000304915,9606.ENSP00000314132,9606.ENSP00000315768,9606.ENSP00000332973,9606.ENSP00000339804,9606.ENSP00000344544,9606.ENSP00000370842,9606.ENSP00000373272,9606.ENSP00000379111,9606.ENSP00000380855,9606.ENSP00000384126,9606.ENSP00000490767	CLC,CSF3,CYP27B1,IL4,IL5,IRF1,NR1D1,GDF11,CDK2,ERBB3,MED1,IL13,BOK,STAT2,SMAD3,TSLP,IKZF3,IL33,TRIM71,IL4R,PDCD1LG2,LRRC32,ING5
GO Process	GO:0060255	Regulation of macromolecule metabolic process	46	6249	0.3	7.01e-05	9606.ENSP00000080059,9606.ENSP00000221804,9606.ENSP00000225474,9606.ENSP00000231449,9606.ENSP00000231454,9606.ENSP00000245414,9606.ENSP00000246672,9606.ENSP00000254079,9606.ENSP00000257749,9606.ENSP00000257868,9606.ENSP00000261523,9606.ENSP00000264257,9606.ENSP00000264260,9606.ENSP00000265343,9606.ENSP00000266970,9606.ENSP00000267101,9606.ENSP00000273308,9606.ENSP00000282356,9606.ENSP00000300651,9606.ENSP00000304915,9606.ENSP00000314132,9606.ENSP00000315768,9606.ENSP00000332973,9606.ENSP00000339804,9606.ENSP00000344544,9606.ENSP00000348849,9606.ENSP00000355077,9606.ENSP00000368100,9606.ENSP00000369545,9606.ENSP00000370842,9606.ENSP00000373272,9606.ENSP00000377724,9606.ENSP00000379111,9606.ENSP00000380855,9606.ENSP00000384126,9606.ENSP00000387462,9606.ENSP00000395708,9606.ENSP00000398410,9606.ENSP00000398880,9606.ENSP00000411532,9606.ENSP00000416696,9606.ENSP00000433205,9606.ENSP00000449396,9606.ENSP00000478179,9606.ENSP00000481859,9606.ENSP00000490767	HDAC7,CLC,CSF3,IL4,IL5,IRF1,NR1D1,PPP1R1B,BACH2,GDF11,RORA,IL1RL2,IL18RAP,AFF4,CDK2,ERBB3,CNPY2,CAMK4,MED1,IL13,BOK,STAT2,SMAD3,TSLP,IKZF3,RPS26,NSMCE1,RAD50,NABP2,IL33,TRIM71,ORMDL3,IL4R,PDCD1LG2,LRRC32,ZBTB10,RAPGEF3,KDM8,CDK12,TOP2A,RIC1,EMSY,SMARCC2,CASP8AP2,PAN2,ING5
GO Process	GO:0002682	Regulation of immune system process	21	1438	0.6	7.06e-05	9606.ENSP00000221804,9606.ENSP00000225474,9606.ENSP00000231449,9606.ENSP00000231454,9606.ENSP00000245414,9606.ENSP00000246672,9606.ENSP00000261523,9606.ENSP00000264257,9606.ENSP00000282356,9606.ENSP00000300651,9606.ENSP00000304915,9606.ENSP00000315768,9606.ENSP00000332973,9606.ENSP00000339804,9606.ENSP00000344544,9606.ENSP00000370842,9606.ENSP00000379111,9606.ENSP00000380855,9606.ENSP00000384126,9606.ENSP00000449396,9606.ENSP00000490767	CLC,CSF3,IL4,IL5,IRF1,NR1D1,RORA,IL1RL2,CAMK4,MED1,IL13,STAT2,SMAD3,TSLP,IKZF3,IL33,IL4R,PDCD1LG2,LRRC32,SMARCC2,ING5
GO Process	GO:0019222	Regulation of metabolic process	48	6784	0.29	7.06e-05	9606.ENSP00000080059,9606.ENSP00000221804,9606.ENSP00000225474,9606.ENSP00000228606,9606.ENSP00000231449,9606.ENSP00000231454,9606.ENSP00000245414,9606.ENSP00000246672,9606.ENSP00000254079,9606.ENSP00000257749,9606.ENSP00000257868,9606.ENSP00000261523,9606.ENSP00000264257,9606.ENSP00000264260,9606.ENSP00000265343,9606.ENSP00000266970,9606.ENSP00000267101,9606.ENSP00000273308,9606.ENSP00000282356,9606.ENSP00000300651,9606.ENSP00000304915,9606.ENSP00000314132,9606.ENSP00000315768,9606.ENSP00000332973,9606.ENSP00000339804,9606.ENSP00000344544,9606.ENSP00000348849,9606.ENSP00000355077,9606.ENSP00000368100,9606.ENSP00000369545,9606.ENSP00000370842,9606.ENSP00000373272,9606.ENSP00000377724,9606.ENSP00000379111,9606.ENSP00000380855,9606.ENSP00000384126,9606.ENSP00000387462,9606.ENSP00000395708,9606.ENSP00000398410,9606.ENSP00000398880,9606.ENSP00000411532,9606.ENSP00000416696,9606.ENSP00000417601,9606.ENSP00000433205,9606.ENSP00000449396,9606.ENSP00000478179,9606.ENSP00000481859,9606.ENSP00000490767	HDAC7,CLC,CSF3,CYP27B1,IL4,IL5,IRF1,NR1D1,PPP1R1B,BACH2,GDF11,RORA,IL1RL2,IL18RAP,AFF4,CDK2,ERBB3,CNPY2,CAMK4,MED1,IL13,BOK,STAT2,SMAD3,TSLP,IKZF3,RPS26,NSMCE1,RAD50,NABP2,IL33,TRIM71,ORMDL3,IL4R,PDCD1LG2,LRRC32,ZBTB10,RAPGEF3,KDM8,CDK12,TOP2A,RIC1,FBXL2,EMSY,SMARCC2,CASP8AP2,PAN2,ING5
GO Process	GO:0002376	Immune system process	25	2121	0.51	0.00012	9606.ENSP00000225474,9606.ENSP00000228606,9606.ENSP00000231449,9606.ENSP00000231454,9606.ENSP00000245414,9606.ENSP00000257749,9606.ENSP00000261523,9606.ENSP00000264257,9606.ENSP00000264260,9606.ENSP00000282356,9606.ENSP00000300651,9606.ENSP00000302324,9606.ENSP00000304915,9606.ENSP00000315768,9606.ENSP00000332659,9606.ENSP00000332973,9606.ENSP00000338010,9606.ENSP00000339804,9606.ENSP00000344544,9606.ENSP00000370842,9606.ENSP00000379111,9606.ENSP00000380855,9606.ENSP00000395708,9606.ENSP00000411532,9606.ENSP00000429309	CSF3,CYP27B1,IL4,IL5,IRF1,BACH2,RORA,IL1RL2,IL18RAP,CAMK4,MED1,RNASE3,IL13,STAT2,CCR4,SMAD3,IL21R,TSLP,IKZF3,IL33,IL4R,PDCD1LG2,RAPGEF3,TOP2A,TPD52
GO Process	GO:0043030	Regulation of macrophage activation	6	58	1.45	0.00021	9606.ENSP00000231449,9606.ENSP00000246672,9606.ENSP00000261523,9606.ENSP00000304915,9606.ENSP00000370842,9606.ENSP00000379111	IL4,NR1D1,RORA,IL13,IL33,IL4R
GO Process	GO:0010604	Positive regulation of macromolecule metabolic process	32	3533	0.39	0.00031	9606.ENSP00000225474,9606.ENSP00000231449,9606.ENSP00000231454,9606.ENSP00000245414,9606.ENSP00000246672,9606.ENSP00000257868,9606.ENSP00000261523,9606.ENSP00000264257,9606.ENSP00000266970,9606.ENSP00000267101,9606.ENSP00000282356,9606.ENSP00000300651,9606.ENSP00000304915,9606.ENSP00000314132,9606.ENSP00000315768,9606.ENSP00000332973,9606.ENSP00000339804,9606.ENSP00000344544,9606.ENSP00000368100,9606.ENSP00000369545,9606.ENSP00000370842,9606.ENSP00000373272,9606.ENSP00000379111,9606.ENSP00000384126,9606.ENSP00000395708,9606.ENSP00000398410,9606.ENSP00000398880,9606.ENSP00000411532,9606.ENSP00000449396,9606.ENSP00000478179,9606.ENSP00000481859,9606.ENSP00000490767	CSF3,IL4,IL5,IRF1,NR1D1,GDF11,RORA,IL1RL2,CDK2,ERBB3,CAMK4,MED1,IL13,BOK,STAT2,SMAD3,TSLP,IKZF3,RAD50,NABP2,IL33,TRIM71,IL4R,LRRC32,RAPGEF3,KDM8,CDK12,TOP2A,SMARCC2,CASP8AP2,PAN2,ING5
GO Process	GO:0051249	Regulation of lymphocyte activation	12	508	0.81	0.00048	9606.ENSP00000221804,9606.ENSP00000231449,9606.ENSP00000231454,9606.ENSP00000245414,9606.ENSP00000264257,9606.ENSP00000282356,9606.ENSP00000304915,9606.ENSP00000344544,9606.ENSP00000379111,9606.ENSP00000380855,9606.ENSP00000384126,9606.ENSP00000449396	CLC,IL4,IL5,IRF1,IL1RL2,CAMK4,IL13,IKZF3,IL4R,PDCD1LG2,LRRC32,SMARCC2
GO Process	GO:1903706	Regulation of hemopoiesis	11	410	0.87	0.00048	9606.ENSP00000225474,9606.ENSP00000231449,9606.ENSP00000231454,9606.ENSP00000245414,9606.ENSP00000264257,9606.ENSP00000282356,9606.ENSP00000300651,9606.ENSP00000344544,9606.ENSP00000379111,9606.ENSP00000449396,9606.ENSP00000490767	CSF3,IL4,IL5,IRF1,IL1RL2,CAMK4,MED1,IKZF3,IL4R,SMARCC2,ING5
GO Process	GO:0009893	Positive regulation of metabolic process	33	3847	0.37	0.00050	9606.ENSP00000225474,9606.ENSP00000231449,9606.ENSP00000231454,9606.ENSP00000245414,9606.ENSP00000246672,9606.ENSP00000257868,9606.ENSP00000261523,9606.ENSP00000264257,9606.ENSP00000266970,9606.ENSP00000267101,9606.ENSP00000282356,9606.ENSP00000300651,9606.ENSP00000304915,9606.ENSP00000314132,9606.ENSP00000315768,9606.ENSP00000332973,9606.ENSP00000339804,9606.ENSP00000344544,9606.ENSP00000368100,9606.ENSP00000369545,9606.ENSP00000370842,9606.ENSP00000373272,9606.ENSP00000377724,9606.ENSP00000379111,9606.ENSP00000384126,9606.ENSP00000395708,9606.ENSP00000398410,9606.ENSP00000398880,9606.ENSP00000411532,9606.ENSP00000449396,9606.ENSP00000478179,9606.ENSP00000481859,9606.ENSP00000490767	CSF3,IL4,IL5,IRF1,NR1D1,GDF11,RORA,IL1RL2,CDK2,ERBB3,CAMK4,MED1,IL13,BOK,STAT2,SMAD3,TSLP,IKZF3,RAD50,NABP2,IL33,TRIM71,ORMDL3,IL4R,LRRC32,RAPGEF3,KDM8,CDK12,TOP2A,SMARCC2,CASP8AP2,PAN2,ING5
GO Process	GO:0051173	Positive regulation of nitrogen compound metabolic process	29	3166	0.4	0.00088	9606.ENSP00000225474,9606.ENSP00000231449,9606.ENSP00000231454,9606.ENSP00000245414,9606.ENSP00000246672,9606.ENSP00000257868,9606.ENSP00000261523,9606.ENSP00000266970,9606.ENSP00000267101,9606.ENSP00000282356,9606.ENSP00000300651,9606.ENSP00000304915,9606.ENSP00000314132,9606.ENSP00000315768,9606.ENSP00000332973,9606.ENSP00000339804,9606.ENSP00000344544,9606.ENSP00000368100,9606.ENSP00000369545,9606.ENSP00000370842,9606.ENSP00000373272,9606.ENSP00000395708,9606.ENSP00000398410,9606.ENSP00000398880,9606.ENSP00000411532,9606.ENSP00000449396,9606.ENSP00000478179,9606.ENSP00000481859,9606.ENSP00000490767	CSF3,IL4,IL5,IRF1,NR1D1,GDF11,RORA,CDK2,ERBB3,CAMK4,MED1,IL13,BOK,STAT2,SMAD3,TSLP,IKZF3,RAD50,NABP2,IL33,TRIM71,RAPGEF3,KDM8,CDK12,TOP2A,SMARCC2,CASP8AP2,PAN2,ING5
GO Process	GO:0070663	Regulation of leukocyte proliferation	9	271	0.96	0.00088	9606.ENSP00000221804,9606.ENSP00000231449,9606.ENSP00000231454,9606.ENSP00000245414,9606.ENSP00000304915,9606.ENSP00000344544,9606.ENSP00000370842,9606.ENSP00000380855,9606.ENSP00000384126	CLC,IL4,IL5,IRF1,IL13,IKZF3,IL33,PDCD1LG2,LRRC32
GO Process	GO:0010468	Regulation of gene expression	37	4899	0.32	0.0010	9606.ENSP00000080059,9606.ENSP00000221804,9606.ENSP00000225474,9606.ENSP00000231449,9606.ENSP00000231454,9606.ENSP00000245414,9606.ENSP00000246672,9606.ENSP00000257749,9606.ENSP00000261523,9606.ENSP00000264257,9606.ENSP00000264260,9606.ENSP00000265343,9606.ENSP00000266970,9606.ENSP00000267101,9606.ENSP00000273308,9606.ENSP00000282356,9606.ENSP00000300651,9606.ENSP00000304915,9606.ENSP00000315768,9606.ENSP00000332973,9606.ENSP00000339804,9606.ENSP00000344544,9606.ENSP00000348849,9606.ENSP00000370842,9606.ENSP00000373272,9606.ENSP00000379111,9606.ENSP00000380855,9606.ENSP00000384126,9606.ENSP00000387462,9606.ENSP00000398410,9606.ENSP00000398880,9606.ENSP00000411532,9606.ENSP00000433205,9606.ENSP00000449396,9606.ENSP00000478179,9606.ENSP00000481859,9606.ENSP00000490767	HDAC7,CLC,CSF3,IL4,IL5,IRF1,NR1D1,BACH2,RORA,IL1RL2,IL18RAP,AFF4,CDK2,ERBB3,CNPY2,CAMK4,MED1,IL13,STAT2,SMAD3,TSLP,IKZF3,RPS26,IL33,TRIM71,IL4R,PDCD1LG2,LRRC32,ZBTB10,KDM8,CDK12,TOP2A,EMSY,SMARCC2,CASP8AP2,PAN2,ING5
GO Process	GO:0019221	Cytokine-mediated signaling pathway	10	369	0.87	0.0010	9606.ENSP00000225474,9606.ENSP00000231454,9606.ENSP00000245414,9606.ENSP00000264257,9606.ENSP00000264260,9606.ENSP00000315768,9606.ENSP00000332659,9606.ENSP00000338010,9606.ENSP00000370842,9606.ENSP00000379111	CSF3,IL5,IRF1,IL1RL2,IL18RAP,STAT2,CCR4,IL21R,IL33,IL4R
GO Process	GO:0034097	Response to cytokine	14	804	0.68	0.0010	9606.ENSP00000225474,9606.ENSP00000228606,9606.ENSP00000231454,9606.ENSP00000245414,9606.ENSP00000246672,9606.ENSP00000261523,9606.ENSP00000264257,9606.ENSP00000264260,9606.ENSP00000304915,9606.ENSP00000315768,9606.ENSP00000332659,9606.ENSP00000338010,9606.ENSP00000370842,9606.ENSP00000379111	CSF3,CYP27B1,IL5,IRF1,NR1D1,RORA,IL1RL2,IL18RAP,IL13,STAT2,CCR4,IL21R,IL33,IL4R
GO Process	GO:0044419	Biological process involved in interspecies interaction between organisms	19	1490	0.54	0.0010	9606.ENSP00000225474,9606.ENSP00000228606,9606.ENSP00000231449,9606.ENSP00000245414,9606.ENSP00000246672,9606.ENSP00000264257,9606.ENSP00000301659,9606.ENSP00000302324,9606.ENSP00000304915,9606.ENSP00000315768,9606.ENSP00000332659,9606.ENSP00000332973,9606.ENSP00000339804,9606.ENSP00000344544,9606.ENSP00000370842,9606.ENSP00000379111,9606.ENSP00000380855,9606.ENSP00000415049,9606.ENSP00000417601	CSF3,CYP27B1,IL4,IRF1,NR1D1,IL1RL2,GSDMA,RNASE3,IL13,STAT2,CCR4,SMAD3,TSLP,IKZF3,IL33,IL4R,PDCD1LG2,GSDMB,FBXL2
GO Process	GO:0051707	Response to other organism	18	1328	0.57	0.0010	9606.ENSP00000225474,9606.ENSP00000228606,9606.ENSP00000231449,9606.ENSP00000245414,9606.ENSP00000246672,9606.ENSP00000264257,9606.ENSP00000301659,9606.ENSP00000302324,9606.ENSP00000304915,9606.ENSP00000315768,9606.ENSP00000332659,9606.ENSP00000332973,9606.ENSP00000339804,9606.ENSP00000344544,9606.ENSP00000370842,9606.ENSP00000379111,9606.ENSP00000380855,9606.ENSP00000415049	CSF3,CYP27B1,IL4,IRF1,NR1D1,IL1RL2,GSDMA,RNASE3,IL13,STAT2,CCR4,SMAD3,TSLP,IKZF3,IL33,IL4R,PDCD1LG2,GSDMB
GO Process	GO:0002639	Positive regulation of immunoglobulin production	5	53	1.41	0.0012	9606.ENSP00000231449,9606.ENSP00000231454,9606.ENSP00000304915,9606.ENSP00000370842,9606.ENSP00000379111	IL4,IL5,IL13,IL33,IL4R
GO Process	GO:0031323	Regulation of cellular metabolic process	40	5681	0.28	0.0012	9606.ENSP00000080059,9606.ENSP00000225474,9606.ENSP00000228606,9606.ENSP00000231449,9606.ENSP00000231454,9606.ENSP00000245414,9606.ENSP00000246672,9606.ENSP00000254079,9606.ENSP00000257749,9606.ENSP00000257868,9606.ENSP00000261523,9606.ENSP00000264260,9606.ENSP00000266970,9606.ENSP00000267101,9606.ENSP00000282356,9606.ENSP00000300651,9606.ENSP00000304915,9606.ENSP00000314132,9606.ENSP00000315768,9606.ENSP00000332973,9606.ENSP00000339804,9606.ENSP00000344544,9606.ENSP00000348849,9606.ENSP00000355077,9606.ENSP00000368100,9606.ENSP00000369545,9606.ENSP00000370842,9606.ENSP00000373272,9606.ENSP00000377724,9606.ENSP00000387462,9606.ENSP00000395708,9606.ENSP00000398410,9606.ENSP00000398880,9606.ENSP00000411532,9606.ENSP00000417601,9606.ENSP00000433205,9606.ENSP00000449396,9606.ENSP00000478179,9606.ENSP00000481859,9606.ENSP00000490767	HDAC7,CSF3,CYP27B1,IL4,IL5,IRF1,NR1D1,PPP1R1B,BACH2,GDF11,RORA,IL18RAP,CDK2,ERBB3,CAMK4,MED1,IL13,BOK,STAT2,SMAD3,TSLP,IKZF3,RPS26,NSMCE1,RAD50,NABP2,IL33,TRIM71,ORMDL3,ZBTB10,RAPGEF3,KDM8,CDK12,TOP2A,FBXL2,EMSY,SMARCC2,CASP8AP2,PAN2,ING5
GO Process	GO:0031325	Positive regulation of cellular metabolic process	28	3114	0.39	0.0012	9606.ENSP00000225474,9606.ENSP00000231449,9606.ENSP00000231454,9606.ENSP00000245414,9606.ENSP00000246672,9606.ENSP00000257868,9606.ENSP00000261523,9606.ENSP00000266970,9606.ENSP00000267101,9606.ENSP00000282356,9606.ENSP00000300651,9606.ENSP00000304915,9606.ENSP00000315768,9606.ENSP00000332973,9606.ENSP00000339804,9606.ENSP00000344544,9606.ENSP00000368100,9606.ENSP00000369545,9606.ENSP00000370842,9606.ENSP00000373272,9606.ENSP00000377724,9606.ENSP00000395708,9606.ENSP00000398410,9606.ENSP00000398880,9606.ENSP00000411532,9606.ENSP00000449396,9606.ENSP00000481859,9606.ENSP00000490767	CSF3,IL4,IL5,IRF1,NR1D1,GDF11,RORA,CDK2,ERBB3,CAMK4,MED1,IL13,STAT2,SMAD3,TSLP,IKZF3,RAD50,NABP2,IL33,TRIM71,ORMDL3,RAPGEF3,KDM8,CDK12,TOP2A,SMARCC2,PAN2,ING5
GO Process	GO:0033005	Positive regulation of mast cell activation	4	21	1.72	0.0012	9606.ENSP00000231449,9606.ENSP00000304915,9606.ENSP00000339804,9606.ENSP00000379111	IL4,IL13,TSLP,IL4R
GO Process	GO:0048523	Negative regulation of cellular process	36	4736	0.32	0.0012	9606.ENSP00000080059,9606.ENSP00000225474,9606.ENSP00000228606,9606.ENSP00000231449,9606.ENSP00000245414,9606.ENSP00000246672,9606.ENSP00000254079,9606.ENSP00000257749,9606.ENSP00000257868,9606.ENSP00000261523,9606.ENSP00000266970,9606.ENSP00000267101,9606.ENSP00000300651,9606.ENSP00000304915,9606.ENSP00000314132,9606.ENSP00000315768,9606.ENSP00000332973,9606.ENSP00000339804,9606.ENSP00000348849,9606.ENSP00000368100,9606.ENSP00000369545,9606.ENSP00000370842,9606.ENSP00000373272,9606.ENSP00000377724,9606.ENSP00000379111,9606.ENSP00000380855,9606.ENSP00000384126,9606.ENSP00000387462,9606.ENSP00000395708,9606.ENSP00000398410,9606.ENSP00000398880,9606.ENSP00000411532,9606.ENSP00000449396,9606.ENSP00000478179,9606.ENSP00000481859,9606.ENSP00000490767	HDAC7,CSF3,CYP27B1,IL4,IRF1,NR1D1,PPP1R1B,BACH2,GDF11,RORA,CDK2,ERBB3,MED1,IL13,BOK,STAT2,SMAD3,TSLP,RPS26,RAD50,NABP2,IL33,TRIM71,ORMDL3,IL4R,PDCD1LG2,LRRC32,ZBTB10,RAPGEF3,KDM8,CDK12,TOP2A,SMARCC2,CASP8AP2,PAN2,ING5
GO Process	GO:0051239	Regulation of multicellular organismal process	26	2749	0.41	0.0012	9606.ENSP00000080059,9606.ENSP00000221804,9606.ENSP00000225474,9606.ENSP00000228606,9606.ENSP00000231449,9606.ENSP00000231454,9606.ENSP00000245414,9606.ENSP00000246672,9606.ENSP00000261523,9606.ENSP00000264257,9606.ENSP00000267101,9606.ENSP00000273308,9606.ENSP00000282356,9606.ENSP00000300651,9606.ENSP00000304915,9606.ENSP00000332973,9606.ENSP00000339804,9606.ENSP00000344544,9606.ENSP00000370842,9606.ENSP00000377724,9606.ENSP00000379111,9606.ENSP00000380855,9606.ENSP00000384126,9606.ENSP00000395708,9606.ENSP00000449396,9606.ENSP00000490767	HDAC7,CLC,CSF3,CYP27B1,IL4,IL5,IRF1,NR1D1,RORA,IL1RL2,ERBB3,CNPY2,CAMK4,MED1,IL13,SMAD3,TSLP,IKZF3,IL33,ORMDL3,IL4R,PDCD1LG2,LRRC32,RAPGEF3,SMARCC2,ING5
GO Process	GO:0071345	Cellular response to cytokine stimulus	13	711	0.7	0.0012	9606.ENSP00000225474,9606.ENSP00000231454,9606.ENSP00000245414,9606.ENSP00000246672,9606.ENSP00000261523,9606.ENSP00000264257,9606.ENSP00000264260,9606.ENSP00000304915,9606.ENSP00000315768,9606.ENSP00000332659,9606.ENSP00000338010,9606.ENSP00000370842,9606.ENSP00000379111	CSF3,IL5,IRF1,NR1D1,RORA,IL1RL2,IL18RAP,IL13,STAT2,CCR4,IL21R,IL33,IL4R
GO Process	GO:0001817	Regulation of cytokine production	13	739	0.68	0.0014	9606.ENSP00000080059,9606.ENSP00000221804,9606.ENSP00000231449,9606.ENSP00000245414,9606.ENSP00000261523,9606.ENSP00000264257,9606.ENSP00000304915,9606.ENSP00000332973,9606.ENSP00000339804,9606.ENSP00000370842,9606.ENSP00000379111,9606.ENSP00000380855,9606.ENSP00000384126	HDAC7,CLC,IL4,IRF1,RORA,IL1RL2,IL13,SMAD3,TSLP,IL33,IL4R,PDCD1LG2,LRRC32
GO Process	GO:0045935	Positive regulation of nucleobase-containing compound metabolic process	22	2056	0.47	0.0014	9606.ENSP00000225474,9606.ENSP00000231449,9606.ENSP00000231454,9606.ENSP00000245414,9606.ENSP00000246672,9606.ENSP00000261523,9606.ENSP00000266970,9606.ENSP00000282356,9606.ENSP00000300651,9606.ENSP00000315768,9606.ENSP00000332973,9606.ENSP00000344544,9606.ENSP00000368100,9606.ENSP00000369545,9606.ENSP00000370842,9606.ENSP00000373272,9606.ENSP00000398410,9606.ENSP00000398880,9606.ENSP00000411532,9606.ENSP00000449396,9606.ENSP00000481859,9606.ENSP00000490767	CSF3,IL4,IL5,IRF1,NR1D1,RORA,CDK2,CAMK4,MED1,STAT2,SMAD3,IKZF3,RAD50,NABP2,IL33,TRIM71,KDM8,CDK12,TOP2A,SMARCC2,PAN2,ING5
GO Process	GO:0045595	Regulation of cell differentiation	19	1582	0.52	0.0015	9606.ENSP00000080059,9606.ENSP00000225474,9606.ENSP00000228606,9606.ENSP00000231449,9606.ENSP00000231454,9606.ENSP00000245414,9606.ENSP00000246672,9606.ENSP00000257868,9606.ENSP00000261523,9606.ENSP00000264257,9606.ENSP00000282356,9606.ENSP00000300651,9606.ENSP00000304915,9606.ENSP00000332973,9606.ENSP00000344544,9606.ENSP00000370842,9606.ENSP00000379111,9606.ENSP00000398880,9606.ENSP00000449396	HDAC7,CSF3,CYP27B1,IL4,IL5,IRF1,NR1D1,GDF11,RORA,IL1RL2,CAMK4,MED1,IL13,SMAD3,IKZF3,IL33,IL4R,CDK12,SMARCC2
GO Process	GO:0048519	Negative regulation of biological process	38	5313	0.29	0.0016	9606.ENSP00000080059,9606.ENSP00000225474,9606.ENSP00000228606,9606.ENSP00000231449,9606.ENSP00000245414,9606.ENSP00000246672,9606.ENSP00000254079,9606.ENSP00000257749,9606.ENSP00000257868,9606.ENSP00000261523,9606.ENSP00000266970,9606.ENSP00000267101,9606.ENSP00000273308,9606.ENSP00000300651,9606.ENSP00000304915,9606.ENSP00000314132,9606.ENSP00000315768,9606.ENSP00000332973,9606.ENSP00000339804,9606.ENSP00000348849,9606.ENSP00000368100,9606.ENSP00000369545,9606.ENSP00000370842,9606.ENSP00000373272,9606.ENSP00000377724,9606.ENSP00000379111,9606.ENSP00000380855,9606.ENSP00000384126,9606.ENSP00000387462,9606.ENSP00000395708,9606.ENSP00000398410,9606.ENSP00000398880,9606.ENSP00000411532,9606.ENSP00000416696,9606.ENSP00000449396,9606.ENSP00000478179,9606.ENSP00000481859,9606.ENSP00000490767	HDAC7,CSF3,CYP27B1,IL4,IRF1,NR1D1,PPP1R1B,BACH2,GDF11,RORA,CDK2,ERBB3,CNPY2,MED1,IL13,BOK,STAT2,SMAD3,TSLP,RPS26,RAD50,NABP2,IL33,TRIM71,ORMDL3,IL4R,PDCD1LG2,LRRC32,ZBTB10,RAPGEF3,KDM8,CDK12,TOP2A,RIC1,SMARCC2,CASP8AP2,PAN2,ING5
GO Process	GO:0050670	Regulation of lymphocyte proliferation	8	242	0.96	0.0016	9606.ENSP00000221804,9606.ENSP00000231449,9606.ENSP00000231454,9606.ENSP00000245414,9606.ENSP00000304915,9606.ENSP00000344544,9606.ENSP00000380855,9606.ENSP00000384126	CLC,IL4,IL5,IRF1,IL13,IKZF3,PDCD1LG2,LRRC32
GO Process	GO:0097191	Extrinsic apoptotic signaling pathway	6	113	1.16	0.0021	9606.ENSP00000231449,9606.ENSP00000267101,9606.ENSP00000314132,9606.ENSP00000332973,9606.ENSP00000370842,9606.ENSP00000478179	IL4,ERBB3,BOK,SMAD3,IL33,CASP8AP2
GO Process	GO:0080090	Regulation of primary metabolic process	40	5899	0.27	0.0024	9606.ENSP00000080059,9606.ENSP00000225474,9606.ENSP00000228606,9606.ENSP00000231449,9606.ENSP00000231454,9606.ENSP00000245414,9606.ENSP00000246672,9606.ENSP00000254079,9606.ENSP00000257749,9606.ENSP00000257868,9606.ENSP00000261523,9606.ENSP00000264260,9606.ENSP00000266970,9606.ENSP00000267101,9606.ENSP00000282356,9606.ENSP00000300651,9606.ENSP00000304915,9606.ENSP00000314132,9606.ENSP00000315768,9606.ENSP00000332973,9606.ENSP00000339804,9606.ENSP00000344544,9606.ENSP00000348849,9606.ENSP00000355077,9606.ENSP00000368100,9606.ENSP00000369545,9606.ENSP00000370842,9606.ENSP00000373272,9606.ENSP00000377724,9606.ENSP00000387462,9606.ENSP00000395708,9606.ENSP00000398410,9606.ENSP00000398880,9606.ENSP00000411532,9606.ENSP00000416696,9606.ENSP00000433205,9606.ENSP00000449396,9606.ENSP00000478179,9606.ENSP00000481859,9606.ENSP00000490767	HDAC7,CSF3,CYP27B1,IL4,IL5,IRF1,NR1D1,PPP1R1B,BACH2,GDF11,RORA,IL18RAP,CDK2,ERBB3,CAMK4,MED1,IL13,BOK,STAT2,SMAD3,TSLP,IKZF3,RPS26,NSMCE1,RAD50,NABP2,IL33,TRIM71,ORMDL3,ZBTB10,RAPGEF3,KDM8,CDK12,TOP2A,RIC1,EMSY,SMARCC2,CASP8AP2,PAN2,ING5
GO Process	GO:0051254	Positive regulation of RNA metabolic process	20	1845	0.47	0.0030	9606.ENSP00000225474,9606.ENSP00000231449,9606.ENSP00000231454,9606.ENSP00000245414,9606.ENSP00000246672,9606.ENSP00000261523,9606.ENSP00000266970,9606.ENSP00000282356,9606.ENSP00000300651,9606.ENSP00000315768,9606.ENSP00000332973,9606.ENSP00000344544,9606.ENSP00000370842,9606.ENSP00000373272,9606.ENSP00000398410,9606.ENSP00000398880,9606.ENSP00000411532,9606.ENSP00000449396,9606.ENSP00000481859,9606.ENSP00000490767	CSF3,IL4,IL5,IRF1,NR1D1,RORA,CDK2,CAMK4,MED1,STAT2,SMAD3,IKZF3,IL33,TRIM71,KDM8,CDK12,TOP2A,SMARCC2,PAN2,ING5
GO Process	GO:0045321	Leukocyte activation	11	574	0.72	0.0032	9606.ENSP00000231449,9606.ENSP00000245414,9606.ENSP00000261523,9606.ENSP00000282356,9606.ENSP00000304915,9606.ENSP00000332973,9606.ENSP00000338010,9606.ENSP00000344544,9606.ENSP00000370842,9606.ENSP00000379111,9606.ENSP00000429309	IL4,IRF1,RORA,CAMK4,IL13,SMAD3,IL21R,IKZF3,IL33,IL4R,TPD52
GO Process	GO:0051171	Regulation of nitrogen compound metabolic process	39	5734	0.27	0.0032	9606.ENSP00000080059,9606.ENSP00000225474,9606.ENSP00000231449,9606.ENSP00000231454,9606.ENSP00000245414,9606.ENSP00000246672,9606.ENSP00000254079,9606.ENSP00000257749,9606.ENSP00000257868,9606.ENSP00000261523,9606.ENSP00000264260,9606.ENSP00000266970,9606.ENSP00000267101,9606.ENSP00000282356,9606.ENSP00000300651,9606.ENSP00000304915,9606.ENSP00000314132,9606.ENSP00000315768,9606.ENSP00000332973,9606.ENSP00000339804,9606.ENSP00000344544,9606.ENSP00000348849,9606.ENSP00000355077,9606.ENSP00000368100,9606.ENSP00000369545,9606.ENSP00000370842,9606.ENSP00000373272,9606.ENSP00000377724,9606.ENSP00000387462,9606.ENSP00000395708,9606.ENSP00000398410,9606.ENSP00000398880,9606.ENSP00000411532,9606.ENSP00000416696,9606.ENSP00000433205,9606.ENSP00000449396,9606.ENSP00000478179,9606.ENSP00000481859,9606.ENSP00000490767	HDAC7,CSF3,IL4,IL5,IRF1,NR1D1,PPP1R1B,BACH2,GDF11,RORA,IL18RAP,CDK2,ERBB3,CAMK4,MED1,IL13,BOK,STAT2,SMAD3,TSLP,IKZF3,RPS26,NSMCE1,RAD50,NABP2,IL33,TRIM71,ORMDL3,ZBTB10,RAPGEF3,KDM8,CDK12,TOP2A,RIC1,EMSY,SMARCC2,CASP8AP2,PAN2,ING5
GO Process	GO:2000026	Regulation of multicellular organismal development	17	1389	0.52	0.0034	9606.ENSP00000225474,9606.ENSP00000228606,9606.ENSP00000231449,9606.ENSP00000231454,9606.ENSP00000245414,9606.ENSP00000246672,9606.ENSP00000264257,9606.ENSP00000282356,9606.ENSP00000300651,9606.ENSP00000304915,9606.ENSP00000332973,9606.ENSP00000344544,9606.ENSP00000370842,9606.ENSP00000379111,9606.ENSP00000395708,9606.ENSP00000449396,9606.ENSP00000490767	CSF3,CYP27B1,IL4,IL5,IRF1,NR1D1,IL1RL2,CAMK4,MED1,IL13,SMAD3,IKZF3,IL33,IL4R,RAPGEF3,SMARCC2,ING5
GO Process	GO:0050863	Regulation of T cell activation	9	376	0.82	0.0039	9606.ENSP00000221804,9606.ENSP00000231449,9606.ENSP00000245414,9606.ENSP00000264257,9606.ENSP00000282356,9606.ENSP00000379111,9606.ENSP00000380855,9606.ENSP00000384126,9606.ENSP00000449396	CLC,IL4,IRF1,IL1RL2,CAMK4,IL4R,PDCD1LG2,LRRC32,SMARCC2
GO Process	GO:0002696	Positive regulation of leukocyte activation	9	384	0.81	0.0044	9606.ENSP00000231449,9606.ENSP00000231454,9606.ENSP00000264257,9606.ENSP00000304915,9606.ENSP00000339804,9606.ENSP00000370842,9606.ENSP00000379111,9606.ENSP00000380855,9606.ENSP00000449396	IL4,IL5,IL1RL2,IL13,TSLP,IL33,IL4R,PDCD1LG2,SMARCC2
GO Process	GO:0045619	Regulation of lymphocyte differentiation	7	208	0.96	0.0046	9606.ENSP00000231449,9606.ENSP00000245414,9606.ENSP00000264257,9606.ENSP00000282356,9606.ENSP00000344544,9606.ENSP00000379111,9606.ENSP00000449396	IL4,IRF1,IL1RL2,CAMK4,IKZF3,IL4R,SMARCC2
GO Process	GO:0002521	Leukocyte differentiation	9	396	0.79	0.0054	9606.ENSP00000225474,9606.ENSP00000231449,9606.ENSP00000245414,9606.ENSP00000261523,9606.ENSP00000282356,9606.ENSP00000300651,9606.ENSP00000344544,9606.ENSP00000379111,9606.ENSP00000429309	CSF3,IL4,IRF1,RORA,CAMK4,MED1,IKZF3,IL4R,TPD52
GO Process	GO:0002520	Immune system development	12	749	0.64	0.0057	9606.ENSP00000225474,9606.ENSP00000231449,9606.ENSP00000245414,9606.ENSP00000261523,9606.ENSP00000282356,9606.ENSP00000300651,9606.ENSP00000332659,9606.ENSP00000332973,9606.ENSP00000344544,9606.ENSP00000379111,9606.ENSP00000411532,9606.ENSP00000429309	CSF3,IL4,IRF1,RORA,CAMK4,MED1,CCR4,SMAD3,IKZF3,IL4R,TOP2A,TPD52
GO Process	GO:0050793	Regulation of developmental process	23	2492	0.4	0.0057	9606.ENSP00000080059,9606.ENSP00000225474,9606.ENSP00000228606,9606.ENSP00000231449,9606.ENSP00000231454,9606.ENSP00000245414,9606.ENSP00000246672,9606.ENSP00000257868,9606.ENSP00000261523,9606.ENSP00000264257,9606.ENSP00000267101,9606.ENSP00000282356,9606.ENSP00000300651,9606.ENSP00000304915,9606.ENSP00000315768,9606.ENSP00000332973,9606.ENSP00000344544,9606.ENSP00000370842,9606.ENSP00000379111,9606.ENSP00000395708,9606.ENSP00000398880,9606.ENSP00000449396,9606.ENSP00000490767	HDAC7,CSF3,CYP27B1,IL4,IL5,IRF1,NR1D1,GDF11,RORA,IL1RL2,ERBB3,CAMK4,MED1,IL13,STAT2,SMAD3,IKZF3,IL33,IL4R,RAPGEF3,CDK12,SMARCC2,ING5
GO Process	GO:0042092	Type 2 immune response	3	12	1.84	0.0064	9606.ENSP00000231449,9606.ENSP00000370842,9606.ENSP00000379111	IL4,IL33,IL4R
GO Process	GO:0031347	Regulation of defense response	11	638	0.67	0.0066	9606.ENSP00000231449,9606.ENSP00000245414,9606.ENSP00000246672,9606.ENSP00000261523,9606.ENSP00000264257,9606.ENSP00000300651,9606.ENSP00000304915,9606.ENSP00000315768,9606.ENSP00000332973,9606.ENSP00000339804,9606.ENSP00000370842	IL4,IRF1,NR1D1,RORA,IL1RL2,MED1,IL13,STAT2,SMAD3,TSLP,IL33
GO Process	GO:1902105	Regulation of leukocyte differentiation	8	315	0.84	0.0068	9606.ENSP00000231449,9606.ENSP00000231454,9606.ENSP00000245414,9606.ENSP00000264257,9606.ENSP00000282356,9606.ENSP00000344544,9606.ENSP00000379111,9606.ENSP00000449396	IL4,IL5,IRF1,IL1RL2,CAMK4,IKZF3,IL4R,SMARCC2
GO Process	GO:1903131	Mononuclear cell differentiation	8	321	0.83	0.0076	9606.ENSP00000231449,9606.ENSP00000245414,9606.ENSP00000261523,9606.ENSP00000282356,9606.ENSP00000300651,9606.ENSP00000344544,9606.ENSP00000379111,9606.ENSP00000429309	IL4,IRF1,RORA,CAMK4,MED1,IKZF3,IL4R,TPD52
GO Process	GO:0071310	Cellular response to organic substance	20	2019	0.43	0.0078	9606.ENSP00000225474,9606.ENSP00000231454,9606.ENSP00000245414,9606.ENSP00000246672,9606.ENSP00000254079,9606.ENSP00000261523,9606.ENSP00000264257,9606.ENSP00000264260,9606.ENSP00000300651,9606.ENSP00000304915,9606.ENSP00000315768,9606.ENSP00000332659,9606.ENSP00000332973,9606.ENSP00000338010,9606.ENSP00000370842,9606.ENSP00000373272,9606.ENSP00000379111,9606.ENSP00000380855,9606.ENSP00000384126,9606.ENSP00000395708	CSF3,IL5,IRF1,NR1D1,PPP1R1B,RORA,IL1RL2,IL18RAP,MED1,IL13,STAT2,CCR4,SMAD3,IL21R,IL33,TRIM71,IL4R,PDCD1LG2,LRRC32,RAPGEF3
GO Process	GO:0006950	Response to stress	27	3358	0.34	0.0082	9606.ENSP00000228606,9606.ENSP00000231449,9606.ENSP00000231454,9606.ENSP00000245414,9606.ENSP00000261523,9606.ENSP00000264257,9606.ENSP00000264260,9606.ENSP00000266970,9606.ENSP00000267101,9606.ENSP00000282356,9606.ENSP00000301659,9606.ENSP00000302324,9606.ENSP00000304915,9606.ENSP00000314132,9606.ENSP00000315768,9606.ENSP00000332659,9606.ENSP00000332973,9606.ENSP00000339804,9606.ENSP00000355077,9606.ENSP00000368100,9606.ENSP00000369545,9606.ENSP00000370842,9606.ENSP00000379111,9606.ENSP00000411532,9606.ENSP00000415049,9606.ENSP00000433205,9606.ENSP00000491596	CYP27B1,IL4,IL5,IRF1,RORA,IL1RL2,IL18RAP,CDK2,ERBB3,CAMK4,GSDMA,RNASE3,IL13,BOK,STAT2,CCR4,SMAD3,TSLP,NSMCE1,RAD50,NABP2,IL33,IL4R,TOP2A,GSDMB,EMSY,ENSP00000491596
GO Process	GO:0009617	Response to bacterium	11	663	0.66	0.0085	9606.ENSP00000225474,9606.ENSP00000228606,9606.ENSP00000246672,9606.ENSP00000301659,9606.ENSP00000302324,9606.ENSP00000304915,9606.ENSP00000332659,9606.ENSP00000339804,9606.ENSP00000344544,9606.ENSP00000380855,9606.ENSP00000415049	CSF3,CYP27B1,NR1D1,GSDMA,RNASE3,IL13,CCR4,TSLP,IKZF3,PDCD1LG2,GSDMB
GO Process	GO:0032736	Positive regulation of interleukin-13 production	3	14	1.77	0.0085	9606.ENSP00000231449,9606.ENSP00000339804,9606.ENSP00000370842	IL4,TSLP,IL33
GO Process	GO:0009892	Negative regulation of metabolic process	25	2982	0.36	0.0087	9606.ENSP00000080059,9606.ENSP00000228606,9606.ENSP00000231449,9606.ENSP00000245414,9606.ENSP00000246672,9606.ENSP00000254079,9606.ENSP00000257749,9606.ENSP00000266970,9606.ENSP00000273308,9606.ENSP00000300651,9606.ENSP00000304915,9606.ENSP00000332973,9606.ENSP00000348849,9606.ENSP00000368100,9606.ENSP00000370842,9606.ENSP00000373272,9606.ENSP00000377724,9606.ENSP00000380855,9606.ENSP00000384126,9606.ENSP00000387462,9606.ENSP00000398410,9606.ENSP00000416696,9606.ENSP00000449396,9606.ENSP00000478179,9606.ENSP00000481859	HDAC7,CYP27B1,IL4,IRF1,NR1D1,PPP1R1B,BACH2,CDK2,CNPY2,MED1,IL13,SMAD3,RPS26,RAD50,IL33,TRIM71,ORMDL3,PDCD1LG2,LRRC32,ZBTB10,KDM8,RIC1,SMARCC2,CASP8AP2,PAN2
GO Process	GO:0045893	Positive regulation of transcription, DNA-templated	18	1710	0.46	0.0090	9606.ENSP00000225474,9606.ENSP00000231449,9606.ENSP00000231454,9606.ENSP00000245414,9606.ENSP00000246672,9606.ENSP00000261523,9606.ENSP00000266970,9606.ENSP00000282356,9606.ENSP00000300651,9606.ENSP00000315768,9606.ENSP00000332973,9606.ENSP00000344544,9606.ENSP00000370842,9606.ENSP00000398410,9606.ENSP00000398880,9606.ENSP00000411532,9606.ENSP00000449396,9606.ENSP00000490767	CSF3,IL4,IL5,IRF1,NR1D1,RORA,CDK2,CAMK4,MED1,STAT2,SMAD3,IKZF3,IL33,KDM8,CDK12,TOP2A,SMARCC2,ING5
GO Process	GO:0006952	Defense response	16	1394	0.5	0.0091	9606.ENSP00000228606,9606.ENSP00000231449,9606.ENSP00000231454,9606.ENSP00000245414,9606.ENSP00000264257,9606.ENSP00000264260,9606.ENSP00000282356,9606.ENSP00000301659,9606.ENSP00000302324,9606.ENSP00000304915,9606.ENSP00000315768,9606.ENSP00000332659,9606.ENSP00000339804,9606.ENSP00000370842,9606.ENSP00000379111,9606.ENSP00000415049	CYP27B1,IL4,IL5,IRF1,IL1RL2,IL18RAP,CAMK4,GSDMA,RNASE3,IL13,STAT2,CCR4,TSLP,IL33,IL4R,GSDMB
GO Process	GO:0043306	Positive regulation of mast cell degranulation	3	15	1.74	0.0091	9606.ENSP00000231449,9606.ENSP00000304915,9606.ENSP00000379111	IL4,IL13,IL4R
GO Process	GO:0045596	Negative regulation of cell differentiation	11	685	0.64	0.0097	9606.ENSP00000080059,9606.ENSP00000231449,9606.ENSP00000245414,9606.ENSP00000246672,9606.ENSP00000257868,9606.ENSP00000261523,9606.ENSP00000300651,9606.ENSP00000304915,9606.ENSP00000332973,9606.ENSP00000379111,9606.ENSP00000398880	HDAC7,IL4,IRF1,NR1D1,GDF11,RORA,MED1,IL13,SMAD3,IL4R,CDK12
GO Process	GO:0019219	Regulation of nucleobase-containing compound metabolic process	30	4074	0.3	0.0104	9606.ENSP00000080059,9606.ENSP00000225474,9606.ENSP00000231449,9606.ENSP00000231454,9606.ENSP00000245414,9606.ENSP00000246672,9606.ENSP00000257749,9606.ENSP00000261523,9606.ENSP00000264260,9606.ENSP00000266970,9606.ENSP00000282356,9606.ENSP00000300651,9606.ENSP00000315768,9606.ENSP00000332973,9606.ENSP00000344544,9606.ENSP00000348849,9606.ENSP00000355077,9606.ENSP00000368100,9606.ENSP00000369545,9606.ENSP00000370842,9606.ENSP00000373272,9606.ENSP00000387462,9606.ENSP00000398410,9606.ENSP00000398880,9606.ENSP00000411532,9606.ENSP00000433205,9606.ENSP00000449396,9606.ENSP00000478179,9606.ENSP00000481859,9606.ENSP00000490767	HDAC7,CSF3,IL4,IL5,IRF1,NR1D1,BACH2,RORA,IL18RAP,CDK2,CAMK4,MED1,STAT2,SMAD3,IKZF3,RPS26,NSMCE1,RAD50,NABP2,IL33,TRIM71,ZBTB10,KDM8,CDK12,TOP2A,EMSY,SMARCC2,CASP8AP2,PAN2,ING5
GO Process	GO:0032101	Regulation of response to external stimulus	13	964	0.57	0.0104	9606.ENSP00000228606,9606.ENSP00000231449,9606.ENSP00000245414,9606.ENSP00000246672,9606.ENSP00000261523,9606.ENSP00000264257,9606.ENSP00000300651,9606.ENSP00000304915,9606.ENSP00000315768,9606.ENSP00000332659,9606.ENSP00000332973,9606.ENSP00000339804,9606.ENSP00000370842	CYP27B1,IL4,IRF1,NR1D1,RORA,IL1RL2,MED1,IL13,STAT2,CCR4,SMAD3,TSLP,IL33
GO Process	GO:0033044	Regulation of chromosome organization	7	253	0.88	0.0104	9606.ENSP00000266970,9606.ENSP00000273130,9606.ENSP00000355077,9606.ENSP00000368100,9606.ENSP00000369545,9606.ENSP00000411532,9606.ENSP00000449396	CDK2,DYNC1LI1,NSMCE1,RAD50,NABP2,TOP2A,SMARCC2
GO Process	GO:0031327	Negative regulation of cellular biosynthetic process	17	1592	0.47	0.0111	9606.ENSP00000080059,9606.ENSP00000228606,9606.ENSP00000231449,9606.ENSP00000245414,9606.ENSP00000246672,9606.ENSP00000257749,9606.ENSP00000266970,9606.ENSP00000300651,9606.ENSP00000332973,9606.ENSP00000370842,9606.ENSP00000373272,9606.ENSP00000377724,9606.ENSP00000387462,9606.ENSP00000398410,9606.ENSP00000449396,9606.ENSP00000478179,9606.ENSP00000481859	HDAC7,CYP27B1,IL4,IRF1,NR1D1,BACH2,CDK2,MED1,SMAD3,IL33,TRIM71,ORMDL3,ZBTB10,KDM8,SMARCC2,CASP8AP2,PAN2
GO Process	GO:0045580	Regulation of T cell differentiation	6	178	0.96	0.0122	9606.ENSP00000231449,9606.ENSP00000245414,9606.ENSP00000264257,9606.ENSP00000282356,9606.ENSP00000379111,9606.ENSP00000449396	IL4,IRF1,IL1RL2,CAMK4,IL4R,SMARCC2
GO Process	GO:0002830	Positive regulation of type 2 immune response	3	18	1.66	0.0126	9606.ENSP00000231449,9606.ENSP00000370842,9606.ENSP00000379111	IL4,IL33,IL4R
GO Process	GO:0048518	Positive regulation of biological process	39	6207	0.24	0.0126	9606.ENSP00000080059,9606.ENSP00000225474,9606.ENSP00000228606,9606.ENSP00000231449,9606.ENSP00000231454,9606.ENSP00000245414,9606.ENSP00000246672,9606.ENSP00000257868,9606.ENSP00000261523,9606.ENSP00000264257,9606.ENSP00000266970,9606.ENSP00000267101,9606.ENSP00000273130,9606.ENSP00000282356,9606.ENSP00000300651,9606.ENSP00000304915,9606.ENSP00000314132,9606.ENSP00000315768,9606.ENSP00000332659,9606.ENSP00000332973,9606.ENSP00000339804,9606.ENSP00000344544,9606.ENSP00000355077,9606.ENSP00000368100,9606.ENSP00000369545,9606.ENSP00000370842,9606.ENSP00000373272,9606.ENSP00000377724,9606.ENSP00000379111,9606.ENSP00000380855,9606.ENSP00000384126,9606.ENSP00000395708,9606.ENSP00000398410,9606.ENSP00000398880,9606.ENSP00000411532,9606.ENSP00000449396,9606.ENSP00000478179,9606.ENSP00000481859,9606.ENSP00000490767	HDAC7,CSF3,CYP27B1,IL4,IL5,IRF1,NR1D1,GDF11,RORA,IL1RL2,CDK2,ERBB3,DYNC1LI1,CAMK4,MED1,IL13,BOK,STAT2,CCR4,SMAD3,TSLP,IKZF3,NSMCE1,RAD50,NABP2,IL33,TRIM71,ORMDL3,IL4R,PDCD1LG2,LRRC32,RAPGEF3,KDM8,CDK12,TOP2A,SMARCC2,CASP8AP2,PAN2,ING5
GO Process	GO:0050727	Regulation of inflammatory response	8	371	0.77	0.0143	9606.ENSP00000231449,9606.ENSP00000246672,9606.ENSP00000261523,9606.ENSP00000264257,9606.ENSP00000304915,9606.ENSP00000332973,9606.ENSP00000339804,9606.ENSP00000370842	IL4,NR1D1,RORA,IL1RL2,IL13,SMAD3,TSLP,IL33
GO Process	GO:0001819	Positive regulation of cytokine production	9	482	0.71	0.0144	9606.ENSP00000231449,9606.ENSP00000245414,9606.ENSP00000261523,9606.ENSP00000264257,9606.ENSP00000304915,9606.ENSP00000332973,9606.ENSP00000339804,9606.ENSP00000370842,9606.ENSP00000379111	IL4,IRF1,RORA,IL1RL2,IL13,SMAD3,TSLP,IL33,IL4R
GO Process	GO:0002700	Regulation of production of molecular mediator of immune response	6	189	0.94	0.0156	9606.ENSP00000221804,9606.ENSP00000231449,9606.ENSP00000231454,9606.ENSP00000304915,9606.ENSP00000370842,9606.ENSP00000379111	CLC,IL4,IL5,IL13,IL33,IL4R
GO Process	GO:0010605	Negative regulation of macromolecule metabolic process	23	2760	0.36	0.0170	9606.ENSP00000080059,9606.ENSP00000231449,9606.ENSP00000245414,9606.ENSP00000246672,9606.ENSP00000254079,9606.ENSP00000257749,9606.ENSP00000266970,9606.ENSP00000273308,9606.ENSP00000300651,9606.ENSP00000304915,9606.ENSP00000332973,9606.ENSP00000348849,9606.ENSP00000368100,9606.ENSP00000370842,9606.ENSP00000373272,9606.ENSP00000380855,9606.ENSP00000384126,9606.ENSP00000387462,9606.ENSP00000398410,9606.ENSP00000416696,9606.ENSP00000449396,9606.ENSP00000478179,9606.ENSP00000481859	HDAC7,IL4,IRF1,NR1D1,PPP1R1B,BACH2,CDK2,CNPY2,MED1,IL13,SMAD3,RPS26,RAD50,IL33,TRIM71,PDCD1LG2,LRRC32,ZBTB10,KDM8,RIC1,SMARCC2,CASP8AP2,PAN2
GO Process	GO:0032653	Regulation of interleukin-10 production	4	60	1.26	0.0171	9606.ENSP00000231449,9606.ENSP00000304915,9606.ENSP00000339804,9606.ENSP00000380855	IL4,IL13,TSLP,PDCD1LG2
GO Process	GO:0048522	Positive regulation of cellular process	36	5584	0.25	0.0171	9606.ENSP00000080059,9606.ENSP00000225474,9606.ENSP00000228606,9606.ENSP00000231449,9606.ENSP00000231454,9606.ENSP00000245414,9606.ENSP00000246672,9606.ENSP00000257868,9606.ENSP00000261523,9606.ENSP00000264257,9606.ENSP00000266970,9606.ENSP00000267101,9606.ENSP00000273130,9606.ENSP00000282356,9606.ENSP00000300651,9606.ENSP00000304915,9606.ENSP00000314132,9606.ENSP00000315768,9606.ENSP00000332973,9606.ENSP00000339804,9606.ENSP00000344544,9606.ENSP00000355077,9606.ENSP00000368100,9606.ENSP00000369545,9606.ENSP00000370842,9606.ENSP00000373272,9606.ENSP00000377724,9606.ENSP00000379111,9606.ENSP00000380855,9606.ENSP00000395708,9606.ENSP00000398410,9606.ENSP00000398880,9606.ENSP00000411532,9606.ENSP00000449396,9606.ENSP00000481859,9606.ENSP00000490767	HDAC7,CSF3,CYP27B1,IL4,IL5,IRF1,NR1D1,GDF11,RORA,IL1RL2,CDK2,ERBB3,DYNC1LI1,CAMK4,MED1,IL13,BOK,STAT2,SMAD3,TSLP,IKZF3,NSMCE1,RAD50,NABP2,IL33,TRIM71,ORMDL3,IL4R,PDCD1LG2,RAPGEF3,KDM8,CDK12,TOP2A,SMARCC2,PAN2,ING5
GO Process	GO:0050731	Positive regulation of peptidyl-tyrosine phosphorylation	6	194	0.93	0.0171	9606.ENSP00000225474,9606.ENSP00000231449,9606.ENSP00000231454,9606.ENSP00000267101,9606.ENSP00000304915,9606.ENSP00000339804	CSF3,IL4,IL5,ERBB3,IL13,TSLP
GO Process	GO:0002695	Negative regulation of leukocyte activation	6	196	0.92	0.0176	9606.ENSP00000231449,9606.ENSP00000245414,9606.ENSP00000246672,9606.ENSP00000379111,9606.ENSP00000380855,9606.ENSP00000384126	IL4,IRF1,NR1D1,IL4R,PDCD1LG2,LRRC32
GO Process	GO:0033043	Regulation of organelle organization	14	1190	0.51	0.0177	9606.ENSP00000225474,9606.ENSP00000231454,9606.ENSP00000266970,9606.ENSP00000273130,9606.ENSP00000314132,9606.ENSP00000315768,9606.ENSP00000332973,9606.ENSP00000355077,9606.ENSP00000368100,9606.ENSP00000369545,9606.ENSP00000395708,9606.ENSP00000411532,9606.ENSP00000449396,9606.ENSP00000481859	CSF3,IL5,CDK2,DYNC1LI1,BOK,STAT2,SMAD3,NSMCE1,RAD50,NABP2,RAPGEF3,TOP2A,SMARCC2,PAN2
GO Process	GO:0007166	Cell surface receptor signaling pathway	19	2040	0.41	0.0189	9606.ENSP00000225474,9606.ENSP00000231449,9606.ENSP00000231454,9606.ENSP00000245414,9606.ENSP00000257868,9606.ENSP00000264257,9606.ENSP00000264260,9606.ENSP00000267101,9606.ENSP00000314132,9606.ENSP00000315768,9606.ENSP00000332659,9606.ENSP00000332973,9606.ENSP00000338010,9606.ENSP00000370842,9606.ENSP00000373272,9606.ENSP00000379111,9606.ENSP00000380855,9606.ENSP00000384126,9606.ENSP00000478179	CSF3,IL4,IL5,IRF1,GDF11,IL1RL2,IL18RAP,ERBB3,BOK,STAT2,CCR4,SMAD3,IL21R,IL33,TRIM71,IL4R,PDCD1LG2,LRRC32,CASP8AP2
GO Process	GO:0010638	Positive regulation of organelle organization	9	508	0.69	0.0189	9606.ENSP00000225474,9606.ENSP00000231454,9606.ENSP00000266970,9606.ENSP00000314132,9606.ENSP00000332973,9606.ENSP00000368100,9606.ENSP00000369545,9606.ENSP00000395708,9606.ENSP00000481859	CSF3,IL5,CDK2,BOK,SMAD3,RAD50,NABP2,RAPGEF3,PAN2
GO Process	GO:0007165	Signal transduction	32	4714	0.27	0.0198	9606.ENSP00000225474,9606.ENSP00000231449,9606.ENSP00000231454,9606.ENSP00000245414,9606.ENSP00000246672,9606.ENSP00000254079,9606.ENSP00000257868,9606.ENSP00000261523,9606.ENSP00000264257,9606.ENSP00000264260,9606.ENSP00000266970,9606.ENSP00000267101,9606.ENSP00000282356,9606.ENSP00000300651,9606.ENSP00000304915,9606.ENSP00000314132,9606.ENSP00000315768,9606.ENSP00000332659,9606.ENSP00000332973,9606.ENSP00000338010,9606.ENSP00000339804,9606.ENSP00000368100,9606.ENSP00000369545,9606.ENSP00000370842,9606.ENSP00000373272,9606.ENSP00000379111,9606.ENSP00000380855,9606.ENSP00000384126,9606.ENSP00000395708,9606.ENSP00000415049,9606.ENSP00000478179,9606.ENSP00000490767	CSF3,IL4,IL5,IRF1,NR1D1,PPP1R1B,GDF11,RORA,IL1RL2,IL18RAP,CDK2,ERBB3,CAMK4,MED1,IL13,BOK,STAT2,CCR4,SMAD3,IL21R,TSLP,RAD50,NABP2,IL33,TRIM71,IL4R,PDCD1LG2,LRRC32,RAPGEF3,GSDMB,CASP8AP2,ING5
GO Process	GO:0060143	Positive regulation of syncytium formation by plasma membrane fusion	3	24	1.53	0.0224	9606.ENSP00000231449,9606.ENSP00000379111,9606.ENSP00000395708	IL4,IL4R,RAPGEF3
GO Process	GO:0030888	Regulation of B cell proliferation	4	67	1.21	0.0225	9606.ENSP00000231449,9606.ENSP00000231454,9606.ENSP00000304915,9606.ENSP00000344544	IL4,IL5,IL13,IKZF3
GO Process	GO:0031324	Negative regulation of cellular metabolic process	20	2265	0.38	0.0225	9606.ENSP00000080059,9606.ENSP00000228606,9606.ENSP00000231449,9606.ENSP00000245414,9606.ENSP00000246672,9606.ENSP00000254079,9606.ENSP00000257749,9606.ENSP00000266970,9606.ENSP00000300651,9606.ENSP00000332973,9606.ENSP00000348849,9606.ENSP00000368100,9606.ENSP00000370842,9606.ENSP00000373272,9606.ENSP00000377724,9606.ENSP00000387462,9606.ENSP00000398410,9606.ENSP00000449396,9606.ENSP00000478179,9606.ENSP00000481859	HDAC7,CYP27B1,IL4,IRF1,NR1D1,PPP1R1B,BACH2,CDK2,MED1,SMAD3,RPS26,RAD50,IL33,TRIM71,ORMDL3,ZBTB10,KDM8,SMARCC2,CASP8AP2,PAN2
GO Process	GO:0032910	Regulation of transforming growth factor beta3 production	2	3	2.26	0.0225	9606.ENSP00000332973,9606.ENSP00000384126	SMAD3,LRRC32
GO Process	GO:0050868	Negative regulation of T cell activation	5	129	1.03	0.0225	9606.ENSP00000231449,9606.ENSP00000245414,9606.ENSP00000379111,9606.ENSP00000380855,9606.ENSP00000384126	IL4,IRF1,IL4R,PDCD1LG2,LRRC32
GO Process	GO:1903660	Negative regulation of complement-dependent cytotoxicity	2	3	2.26	0.0225	9606.ENSP00000231449,9606.ENSP00000304915	IL4,IL13
GO Process	GO:0030097	Hemopoiesis	10	655	0.62	0.0234	9606.ENSP00000225474,9606.ENSP00000231449,9606.ENSP00000245414,9606.ENSP00000261523,9606.ENSP00000282356,9606.ENSP00000300651,9606.ENSP00000344544,9606.ENSP00000379111,9606.ENSP00000411532,9606.ENSP00000429309	CSF3,IL4,IRF1,RORA,CAMK4,MED1,IKZF3,IL4R,TOP2A,TPD52
GO Process	GO:0051093	Negative regulation of developmental process	12	933	0.55	0.0235	9606.ENSP00000080059,9606.ENSP00000231449,9606.ENSP00000245414,9606.ENSP00000246672,9606.ENSP00000257868,9606.ENSP00000261523,9606.ENSP00000300651,9606.ENSP00000304915,9606.ENSP00000332973,9606.ENSP00000379111,9606.ENSP00000395708,9606.ENSP00000398880	HDAC7,IL4,IRF1,NR1D1,GDF11,RORA,MED1,IL13,SMAD3,IL4R,RAPGEF3,CDK12
GO Process	GO:0046632	Alpha-beta T cell differentiation	4	70	1.19	0.0248	9606.ENSP00000231449,9606.ENSP00000245414,9606.ENSP00000261523,9606.ENSP00000379111	IL4,IRF1,RORA,IL4R
GO Process	GO:0006954	Inflammatory response	9	538	0.66	0.0253	9606.ENSP00000231449,9606.ENSP00000231454,9606.ENSP00000264257,9606.ENSP00000264260,9606.ENSP00000282356,9606.ENSP00000304915,9606.ENSP00000332659,9606.ENSP00000370842,9606.ENSP00000379111	IL4,IL5,IL1RL2,IL18RAP,CAMK4,IL13,CCR4,IL33,IL4R
GO Process	GO:0010033	Response to organic substance	22	2692	0.35	0.0264	9606.ENSP00000225474,9606.ENSP00000228606,9606.ENSP00000231454,9606.ENSP00000245414,9606.ENSP00000246672,9606.ENSP00000254079,9606.ENSP00000261523,9606.ENSP00000264257,9606.ENSP00000264260,9606.ENSP00000300651,9606.ENSP00000304915,9606.ENSP00000306920,9606.ENSP00000315768,9606.ENSP00000332659,9606.ENSP00000332973,9606.ENSP00000338010,9606.ENSP00000370842,9606.ENSP00000373272,9606.ENSP00000379111,9606.ENSP00000380855,9606.ENSP00000384126,9606.ENSP00000395708	CSF3,CYP27B1,IL5,IRF1,NR1D1,PPP1R1B,RORA,IL1RL2,IL18RAP,MED1,IL13,GLB1,STAT2,CCR4,SMAD3,IL21R,IL33,TRIM71,IL4R,PDCD1LG2,LRRC32,RAPGEF3
GO Process	GO:0043032	Positive regulation of macrophage activation	3	27	1.48	0.0264	9606.ENSP00000304915,9606.ENSP00000370842,9606.ENSP00000379111	IL13,IL33,IL4R
GO Process	GO:0097190	Apoptotic signaling pathway	7	318	0.78	0.0268	9606.ENSP00000231449,9606.ENSP00000267101,9606.ENSP00000314132,9606.ENSP00000332973,9606.ENSP00000370842,9606.ENSP00000478179,9606.ENSP00000490767	IL4,ERBB3,BOK,SMAD3,IL33,CASP8AP2,ING5
GO Process	GO:0002683	Negative regulation of immune system process	8	433	0.7	0.0289	9606.ENSP00000231449,9606.ENSP00000245414,9606.ENSP00000246672,9606.ENSP00000315768,9606.ENSP00000370842,9606.ENSP00000379111,9606.ENSP00000380855,9606.ENSP00000384126	IL4,IRF1,NR1D1,STAT2,IL33,IL4R,PDCD1LG2,LRRC32
GO Process	GO:0071260	Cellular response to mechanical stimulus	4	75	1.16	0.0289	9606.ENSP00000245414,9606.ENSP00000304915,9606.ENSP00000370842,9606.ENSP00000478179	IRF1,IL13,IL33,CASP8AP2
GO Process	GO:0051252	Regulation of RNA metabolic process	27	3759	0.29	0.0303	9606.ENSP00000080059,9606.ENSP00000225474,9606.ENSP00000231449,9606.ENSP00000231454,9606.ENSP00000245414,9606.ENSP00000246672,9606.ENSP00000257749,9606.ENSP00000261523,9606.ENSP00000264260,9606.ENSP00000266970,9606.ENSP00000282356,9606.ENSP00000300651,9606.ENSP00000315768,9606.ENSP00000332973,9606.ENSP00000344544,9606.ENSP00000348849,9606.ENSP00000370842,9606.ENSP00000373272,9606.ENSP00000387462,9606.ENSP00000398410,9606.ENSP00000398880,9606.ENSP00000411532,9606.ENSP00000433205,9606.ENSP00000449396,9606.ENSP00000478179,9606.ENSP00000481859,9606.ENSP00000490767	HDAC7,CSF3,IL4,IL5,IRF1,NR1D1,BACH2,RORA,IL18RAP,CDK2,CAMK4,MED1,STAT2,SMAD3,IKZF3,RPS26,IL33,TRIM71,ZBTB10,KDM8,CDK12,TOP2A,EMSY,SMARCC2,CASP8AP2,PAN2,ING5
GO Process	GO:0031348	Negative regulation of defense response	6	232	0.85	0.0325	9606.ENSP00000231449,9606.ENSP00000246672,9606.ENSP00000261523,9606.ENSP00000304915,9606.ENSP00000315768,9606.ENSP00000332973	IL4,NR1D1,RORA,IL13,STAT2,SMAD3
GO Process	GO:0050728	Negative regulation of inflammatory response	5	147	0.97	0.0325	9606.ENSP00000231449,9606.ENSP00000246672,9606.ENSP00000261523,9606.ENSP00000304915,9606.ENSP00000332973	IL4,NR1D1,RORA,IL13,SMAD3
GO Process	GO:0051128	Regulation of cellular component organization	20	2365	0.36	0.0334	9606.ENSP00000225474,9606.ENSP00000228606,9606.ENSP00000231449,9606.ENSP00000231454,9606.ENSP00000266970,9606.ENSP00000273130,9606.ENSP00000314132,9606.ENSP00000315768,9606.ENSP00000332973,9606.ENSP00000355077,9606.ENSP00000368100,9606.ENSP00000369545,9606.ENSP00000379111,9606.ENSP00000394954,9606.ENSP00000395708,9606.ENSP00000411532,9606.ENSP00000416696,9606.ENSP00000449396,9606.ENSP00000481859,9606.ENSP00000490767	CSF3,CYP27B1,IL4,IL5,CDK2,DYNC1LI1,BOK,STAT2,SMAD3,NSMCE1,RAD50,NABP2,IL4R,GSG1L,RAPGEF3,TOP2A,RIC1,SMARCC2,PAN2,ING5
GO Process	GO:0051251	Positive regulation of lymphocyte activation	7	336	0.76	0.0343	9606.ENSP00000231449,9606.ENSP00000231454,9606.ENSP00000264257,9606.ENSP00000304915,9606.ENSP00000379111,9606.ENSP00000380855,9606.ENSP00000449396	IL4,IL5,IL1RL2,IL13,IL4R,PDCD1LG2,SMARCC2
GO Process	GO:0001774	Microglial cell activation	3	31	1.42	0.0344	9606.ENSP00000231449,9606.ENSP00000304915,9606.ENSP00000370842	IL4,IL13,IL33
GO Process	GO:0010628	Positive regulation of gene expression	13	1146	0.49	0.0344	9606.ENSP00000231449,9606.ENSP00000231454,9606.ENSP00000245414,9606.ENSP00000261523,9606.ENSP00000264257,9606.ENSP00000267101,9606.ENSP00000300651,9606.ENSP00000304915,9606.ENSP00000332973,9606.ENSP00000339804,9606.ENSP00000370842,9606.ENSP00000379111,9606.ENSP00000384126	IL4,IL5,IRF1,RORA,IL1RL2,ERBB3,MED1,IL13,SMAD3,TSLP,IL33,IL4R,LRRC32
GO Process	GO:0046649	Lymphocyte activation	8	457	0.68	0.0372	9606.ENSP00000231449,9606.ENSP00000245414,9606.ENSP00000261523,9606.ENSP00000332973,9606.ENSP00000338010,9606.ENSP00000344544,9606.ENSP00000379111,9606.ENSP00000429309	IL4,IRF1,RORA,SMAD3,IL21R,IKZF3,IL4R,TPD52
GO Process	GO:0051172	Negative regulation of nitrogen compound metabolic process	20	2403	0.36	0.0389	9606.ENSP00000080059,9606.ENSP00000231449,9606.ENSP00000245414,9606.ENSP00000246672,9606.ENSP00000254079,9606.ENSP00000257749,9606.ENSP00000266970,9606.ENSP00000300651,9606.ENSP00000332973,9606.ENSP00000348849,9606.ENSP00000368100,9606.ENSP00000370842,9606.ENSP00000373272,9606.ENSP00000377724,9606.ENSP00000387462,9606.ENSP00000398410,9606.ENSP00000416696,9606.ENSP00000449396,9606.ENSP00000478179,9606.ENSP00000481859	HDAC7,IL4,IRF1,NR1D1,PPP1R1B,BACH2,CDK2,MED1,SMAD3,RPS26,RAD50,IL33,TRIM71,ORMDL3,ZBTB10,KDM8,RIC1,SMARCC2,CASP8AP2,PAN2
GO Process	GO:0051240	Positive regulation of multicellular organismal process	15	1505	0.44	0.0407	9606.ENSP00000228606,9606.ENSP00000231449,9606.ENSP00000231454,9606.ENSP00000245414,9606.ENSP00000261523,9606.ENSP00000264257,9606.ENSP00000267101,9606.ENSP00000300651,9606.ENSP00000304915,9606.ENSP00000332973,9606.ENSP00000339804,9606.ENSP00000370842,9606.ENSP00000379111,9606.ENSP00000395708,9606.ENSP00000449396	CYP27B1,IL4,IL5,IRF1,RORA,IL1RL2,ERBB3,MED1,IL13,SMAD3,TSLP,IL33,IL4R,RAPGEF3,SMARCC2
GO Process	GO:0070887	Cellular response to chemical stimulus	21	2609	0.34	0.0407	9606.ENSP00000225474,9606.ENSP00000231454,9606.ENSP00000245414,9606.ENSP00000246672,9606.ENSP00000254079,9606.ENSP00000261523,9606.ENSP00000264257,9606.ENSP00000264260,9606.ENSP00000266970,9606.ENSP00000300651,9606.ENSP00000304915,9606.ENSP00000315768,9606.ENSP00000332659,9606.ENSP00000332973,9606.ENSP00000338010,9606.ENSP00000370842,9606.ENSP00000373272,9606.ENSP00000379111,9606.ENSP00000380855,9606.ENSP00000384126,9606.ENSP00000395708	CSF3,IL5,IRF1,NR1D1,PPP1R1B,RORA,IL1RL2,IL18RAP,CDK2,MED1,IL13,STAT2,CCR4,SMAD3,IL21R,IL33,TRIM71,IL4R,PDCD1LG2,LRRC32,RAPGEF3
GO Process	GO:0150077	Regulation of neuroinflammatory response	3	34	1.38	0.0413	9606.ENSP00000231449,9606.ENSP00000246672,9606.ENSP00000370842	IL4,NR1D1,IL33
GO Process	GO:0045597	Positive regulation of cell differentiation	11	876	0.54	0.0421	9606.ENSP00000225474,9606.ENSP00000228606,9606.ENSP00000231449,9606.ENSP00000231454,9606.ENSP00000264257,9606.ENSP00000300651,9606.ENSP00000304915,9606.ENSP00000332973,9606.ENSP00000370842,9606.ENSP00000379111,9606.ENSP00000449396	CSF3,CYP27B1,IL4,IL5,IL1RL2,MED1,IL13,SMAD3,IL33,IL4R,SMARCC2
GO Process	GO:0002250	Adaptive immune response	7	359	0.73	0.0448	9606.ENSP00000257749,9606.ENSP00000261523,9606.ENSP00000282356,9606.ENSP00000338010,9606.ENSP00000379111,9606.ENSP00000380855,9606.ENSP00000395708	BACH2,RORA,CAMK4,IL21R,IL4R,PDCD1LG2,RAPGEF3
GO Process	GO:0010558	Negative regulation of macromolecule biosynthetic process	15	1532	0.43	0.0465	9606.ENSP00000080059,9606.ENSP00000231449,9606.ENSP00000245414,9606.ENSP00000246672,9606.ENSP00000257749,9606.ENSP00000266970,9606.ENSP00000300651,9606.ENSP00000332973,9606.ENSP00000370842,9606.ENSP00000373272,9606.ENSP00000387462,9606.ENSP00000398410,9606.ENSP00000449396,9606.ENSP00000478179,9606.ENSP00000481859	HDAC7,IL4,IRF1,NR1D1,BACH2,CDK2,MED1,SMAD3,IL33,TRIM71,ZBTB10,KDM8,SMARCC2,CASP8AP2,PAN2
GO Process	GO:0097192	Extrinsic apoptotic signaling pathway in absence of ligand	3	36	1.36	0.0465	9606.ENSP00000231449,9606.ENSP00000267101,9606.ENSP00000314132	IL4,ERBB3,BOK
GO Process	GO:0010629	Negative regulation of gene expression	11	899	0.52	0.0479	9606.ENSP00000080059,9606.ENSP00000231449,9606.ENSP00000273308,9606.ENSP00000304915,9606.ENSP00000332973,9606.ENSP00000348849,9606.ENSP00000370842,9606.ENSP00000373272,9606.ENSP00000380855,9606.ENSP00000384126,9606.ENSP00000481859	HDAC7,IL4,CNPY2,IL13,SMAD3,RPS26,IL33,TRIM71,PDCD1LG2,LRRC32,PAN2
GO Process	GO:0031326	Regulation of cellular biosynthetic process	28	4143	0.27	0.0479	9606.ENSP00000080059,9606.ENSP00000225474,9606.ENSP00000228606,9606.ENSP00000231449,9606.ENSP00000231454,9606.ENSP00000245414,9606.ENSP00000246672,9606.ENSP00000257749,9606.ENSP00000261523,9606.ENSP00000264260,9606.ENSP00000266970,9606.ENSP00000282356,9606.ENSP00000300651,9606.ENSP00000315768,9606.ENSP00000332973,9606.ENSP00000344544,9606.ENSP00000370842,9606.ENSP00000373272,9606.ENSP00000377724,9606.ENSP00000387462,9606.ENSP00000398410,9606.ENSP00000398880,9606.ENSP00000411532,9606.ENSP00000433205,9606.ENSP00000449396,9606.ENSP00000478179,9606.ENSP00000481859,9606.ENSP00000490767	HDAC7,CSF3,CYP27B1,IL4,IL5,IRF1,NR1D1,BACH2,RORA,IL18RAP,CDK2,CAMK4,MED1,STAT2,SMAD3,IKZF3,IL33,TRIM71,ORMDL3,ZBTB10,KDM8,CDK12,TOP2A,EMSY,SMARCC2,CASP8AP2,PAN2,ING5
GO Process	GO:0042093	T-helper cell differentiation	3	37	1.35	0.0479	9606.ENSP00000231449,9606.ENSP00000261523,9606.ENSP00000379111	IL4,RORA,IL4R
GO Process	GO:0080134	Regulation of response to stress	14	1373	0.45	0.0479	9606.ENSP00000231449,9606.ENSP00000245414,9606.ENSP00000246672,9606.ENSP00000261523,9606.ENSP00000264257,9606.ENSP00000300651,9606.ENSP00000304915,9606.ENSP00000314132,9606.ENSP00000315768,9606.ENSP00000332973,9606.ENSP00000339804,9606.ENSP00000355077,9606.ENSP00000370842,9606.ENSP00000449396	IL4,IRF1,NR1D1,RORA,IL1RL2,MED1,IL13,BOK,STAT2,SMAD3,TSLP,NSMCE1,IL33,SMARCC2
GO Process	GO:1903037	Regulation of leukocyte cell-cell adhesion	7	368	0.72	0.0479	9606.ENSP00000231449,9606.ENSP00000245414,9606.ENSP00000264257,9606.ENSP00000379111,9606.ENSP00000380855,9606.ENSP00000384126,9606.ENSP00000449396	IL4,IRF1,IL1RL2,IL4R,PDCD1LG2,LRRC32,SMARCC2
GO Process	GO:0048583	Regulation of response to stimulus	27	3931	0.27	0.0485	9606.ENSP00000080059,9606.ENSP00000221804,9606.ENSP00000225474,9606.ENSP00000228606,9606.ENSP00000231449,9606.ENSP00000231454,9606.ENSP00000245414,9606.ENSP00000246672,9606.ENSP00000257868,9606.ENSP00000261523,9606.ENSP00000264257,9606.ENSP00000267101,9606.ENSP00000273130,9606.ENSP00000300651,9606.ENSP00000304915,9606.ENSP00000314132,9606.ENSP00000315768,9606.ENSP00000332659,9606.ENSP00000332973,9606.ENSP00000339804,9606.ENSP00000355077,9606.ENSP00000370842,9606.ENSP00000379111,9606.ENSP00000394954,9606.ENSP00000417601,9606.ENSP00000449396,9606.ENSP00000490767	HDAC7,CLC,CSF3,CYP27B1,IL4,IL5,IRF1,NR1D1,GDF11,RORA,IL1RL2,ERBB3,DYNC1LI1,MED1,IL13,BOK,STAT2,CCR4,SMAD3,TSLP,NSMCE1,IL33,IL4R,GSG1L,FBXL2,SMARCC2,ING5
GO Process	GO:0030217	T cell differentiation	5	171	0.9	0.0487	9606.ENSP00000231449,9606.ENSP00000245414,9606.ENSP00000261523,9606.ENSP00000344544,9606.ENSP00000379111	IL4,IRF1,RORA,IKZF3,IL4R
GO Process	GO:0002826	Negative regulation of T-helper 1 type immune response	2	7	1.89	0.0491	9606.ENSP00000370842,9606.ENSP00000379111	IL33,IL4R
GO Process	GO:0045064	T-helper 2 cell differentiation	2	7	1.89	0.0491	9606.ENSP00000231449,9606.ENSP00000379111	IL4,IL4R
GO Process	GO:0045934	Negative regulation of nucleobase-containing compound metabolic process	15	1562	0.42	0.0494	9606.ENSP00000080059,9606.ENSP00000231449,9606.ENSP00000245414,9606.ENSP00000246672,9606.ENSP00000257749,9606.ENSP00000266970,9606.ENSP00000300651,9606.ENSP00000332973,9606.ENSP00000348849,9606.ENSP00000368100,9606.ENSP00000370842,9606.ENSP00000387462,9606.ENSP00000398410,9606.ENSP00000449396,9606.ENSP00000478179	HDAC7,IL4,IRF1,NR1D1,BACH2,CDK2,MED1,SMAD3,RPS26,RAD50,IL33,ZBTB10,KDM8,SMARCC2,CASP8AP2
GO Process	GO:0071634	Regulation of transforming growth factor beta production	3	39	1.32	0.0499	9606.ENSP00000304915,9606.ENSP00000332973,9606.ENSP00000384126	IL13,SMAD3,LRRC32
GO Function	GO:0005126	Cytokine receptor binding	8	270	0.91	0.0374	9606.ENSP00000225474,9606.ENSP00000231449,9606.ENSP00000231454,9606.ENSP00000304915,9606.ENSP00000332973,9606.ENSP00000339804,9606.ENSP00000370842,9606.ENSP00000478179	CSF3,IL4,IL5,IL13,SMAD3,TSLP,IL33,CASP8AP2
GO Component	GO:0098687	Chromosomal region	9	365	0.83	0.0172	9606.ENSP00000266970,9606.ENSP00000273130,9606.ENSP00000276893,9606.ENSP00000355077,9606.ENSP00000368100,9606.ENSP00000369545,9606.ENSP00000387462,9606.ENSP00000411532,9606.ENSP00000449396	CDK2,DYNC1LI1,UHRF2,NSMCE1,RAD50,NABP2,ZBTB10,TOP2A,SMARCC2
GO Component	GO:0005694	Chromosome	19	1850	0.45	0.0282	9606.ENSP00000245414,9606.ENSP00000246672,9606.ENSP00000257749,9606.ENSP00000261523,9606.ENSP00000265343,9606.ENSP00000266970,9606.ENSP00000273130,9606.ENSP00000276893,9606.ENSP00000315768,9606.ENSP00000332973,9606.ENSP00000355077,9606.ENSP00000368100,9606.ENSP00000369545,9606.ENSP00000370842,9606.ENSP00000387462,9606.ENSP00000398410,9606.ENSP00000411532,9606.ENSP00000449396,9606.ENSP00000490767	IRF1,NR1D1,BACH2,RORA,AFF4,CDK2,DYNC1LI1,UHRF2,STAT2,SMAD3,NSMCE1,RAD50,NABP2,IL33,ZBTB10,KDM8,TOP2A,SMARCC2,ING5
STRING clusters	CL:15939	JAK-STAT signaling pathway, and Interleukin-1 family	11	143	1.32	4.10e-08	9606.ENSP00000225474,9606.ENSP00000231449,9606.ENSP00000231454,9606.ENSP00000264257,9606.ENSP00000264260,9606.ENSP00000304915,9606.ENSP00000315768,9606.ENSP00000338010,9606.ENSP00000339804,9606.ENSP00000370842,9606.ENSP00000379111	CSF3,IL4,IL5,IL1RL2,IL18RAP,IL13,STAT2,IL21R,TSLP,IL33,IL4R
STRING clusters	CL:15940	JAK-STAT signaling pathway, and Interleukin-1 family	10	138	1.3	3.35e-07	9606.ENSP00000225474,9606.ENSP00000231449,9606.ENSP00000231454,9606.ENSP00000264257,9606.ENSP00000264260,9606.ENSP00000304915,9606.ENSP00000315768,9606.ENSP00000338010,9606.ENSP00000370842,9606.ENSP00000379111	CSF3,IL4,IL5,IL1RL2,IL18RAP,IL13,STAT2,IL21R,IL33,IL4R
STRING clusters	CL:15946	Interleukin-2 family signaling, and Interleukins 4 and 13	6	34	1.68	1.00e-05	9606.ENSP00000225474,9606.ENSP00000231449,9606.ENSP00000231454,9606.ENSP00000304915,9606.ENSP00000338010,9606.ENSP00000379111	CSF3,IL4,IL5,IL13,IL21R,IL4R
STRING clusters	CL:15942	JAK-STAT signaling pathway	7	103	1.27	0.00017	9606.ENSP00000225474,9606.ENSP00000231449,9606.ENSP00000231454,9606.ENSP00000304915,9606.ENSP00000315768,9606.ENSP00000338010,9606.ENSP00000379111	CSF3,IL4,IL5,IL13,STAT2,IL21R,IL4R
STRING clusters	CL:20715	Mixed, incl. Transcription coregulator binding, and Activation of the TFAP2 (AP-2) family of transcription factors	5	104	1.12	0.0277	9606.ENSP00000080059,9606.ENSP00000245414,9606.ENSP00000246672,9606.ENSP00000257749,9606.ENSP00000344544	HDAC7,IRF1,NR1D1,BACH2,IKZF3
STRING clusters	CL:16152	Interleukin-1 family, and interleukin-1 receptor activity	3	19	1.64	0.0345	9606.ENSP00000264257,9606.ENSP00000264260,9606.ENSP00000370842	IL1RL2,IL18RAP,IL33
KEGG	hsa05321	Inflammatory bowel disease	8	59	1.57	3.83e-08	9606.ENSP00000231449,9606.ENSP00000231454,9606.ENSP00000261523,9606.ENSP00000264260,9606.ENSP00000304915,9606.ENSP00000332973,9606.ENSP00000338010,9606.ENSP00000379111	IL4,IL5,RORA,IL18RAP,IL13,SMAD3,IL21R,IL4R
KEGG	hsa04060	Cytokine-cytokine receptor interaction	12	282	1.07	1.09e-07	9606.ENSP00000225474,9606.ENSP00000231449,9606.ENSP00000231454,9606.ENSP00000257868,9606.ENSP00000264257,9606.ENSP00000264260,9606.ENSP00000304915,9606.ENSP00000332659,9606.ENSP00000338010,9606.ENSP00000339804,9606.ENSP00000370842,9606.ENSP00000379111	CSF3,IL4,IL5,GDF11,IL1RL2,IL18RAP,IL13,CCR4,IL21R,TSLP,IL33,IL4R
KEGG	hsa04630	JAK-STAT signaling pathway	8	158	1.14	1.77e-05	9606.ENSP00000225474,9606.ENSP00000231449,9606.ENSP00000231454,9606.ENSP00000304915,9606.ENSP00000315768,9606.ENSP00000338010,9606.ENSP00000339804,9606.ENSP00000379111	CSF3,IL4,IL5,IL13,STAT2,IL21R,TSLP,IL4R
KEGG	hsa05310	Asthma	4	27	1.61	0.00040	9606.ENSP00000231449,9606.ENSP00000231454,9606.ENSP00000302324,9606.ENSP00000304915	IL4,IL5,RNASE3,IL13
KEGG	hsa04659	Th17 cell differentiation	5	99	1.14	0.0026	9606.ENSP00000231449,9606.ENSP00000261523,9606.ENSP00000332973,9606.ENSP00000338010,9606.ENSP00000379111	IL4,RORA,SMAD3,IL21R,IL4R
KEGG	hsa04658	Th1 and Th2 cell differentiation	4	85	1.11	0.0175	9606.ENSP00000231449,9606.ENSP00000231454,9606.ENSP00000304915,9606.ENSP00000379111	IL4,IL5,IL13,IL4R
KEGG	hsa04640	Hematopoietic cell lineage	4	90	1.08	0.0185	9606.ENSP00000225474,9606.ENSP00000231449,9606.ENSP00000231454,9606.ENSP00000379111	CSF3,IL4,IL5,IL4R
KEGG	hsa04657	IL-17 signaling pathway	4	91	1.08	0.0185	9606.ENSP00000225474,9606.ENSP00000231449,9606.ENSP00000231454,9606.ENSP00000304915	CSF3,IL4,IL5,IL13
Reactome	HSA-449147	Signaling by Interleukins	13	453	0.89	2.68e-05	9606.ENSP00000225474,9606.ENSP00000231449,9606.ENSP00000231454,9606.ENSP00000261523,9606.ENSP00000264257,9606.ENSP00000264260,9606.ENSP00000304915,9606.ENSP00000315768,9606.ENSP00000332973,9606.ENSP00000338010,9606.ENSP00000339804,9606.ENSP00000370842,9606.ENSP00000379111	CSF3,IL4,IL5,RORA,IL1RL2,IL18RAP,IL13,STAT2,SMAD3,IL21R,TSLP,IL33,IL4R
Reactome	HSA-1280215	Cytokine Signaling in Immune system	14	706	0.73	0.00031	9606.ENSP00000225474,9606.ENSP00000231449,9606.ENSP00000231454,9606.ENSP00000245414,9606.ENSP00000261523,9606.ENSP00000264257,9606.ENSP00000264260,9606.ENSP00000304915,9606.ENSP00000315768,9606.ENSP00000332973,9606.ENSP00000338010,9606.ENSP00000339804,9606.ENSP00000370842,9606.ENSP00000379111	CSF3,IL4,IL5,IRF1,RORA,IL1RL2,IL18RAP,IL13,STAT2,SMAD3,IL21R,TSLP,IL33,IL4R
Reactome	HSA-168256	Immune System	22	1979	0.48	0.0011	9606.ENSP00000225474,9606.ENSP00000231449,9606.ENSP00000231454,9606.ENSP00000245414,9606.ENSP00000261523,9606.ENSP00000264257,9606.ENSP00000264260,9606.ENSP00000273130,9606.ENSP00000302324,9606.ENSP00000304915,9606.ENSP00000306920,9606.ENSP00000315768,9606.ENSP00000332973,9606.ENSP00000338010,9606.ENSP00000339804,9606.ENSP00000370842,9606.ENSP00000373272,9606.ENSP00000377724,9606.ENSP00000379111,9606.ENSP00000380855,9606.ENSP00000381008,9606.ENSP00000395708	CSF3,IL4,IL5,IRF1,RORA,IL1RL2,IL18RAP,DYNC1LI1,RNASE3,IL13,GLB1,STAT2,SMAD3,IL21R,TSLP,IL33,TRIM71,ORMDL3,IL4R,PDCD1LG2,MUC16,RAPGEF3
Reactome	HSA-9012546	Interleukin-18 signaling	3	8	2.01	0.0043	9606.ENSP00000231449,9606.ENSP00000264260,9606.ENSP00000304915	IL4,IL18RAP,IL13
Reactome	HSA-446652	Interleukin-1 family signaling	6	149	1.04	0.0098	9606.ENSP00000231449,9606.ENSP00000264257,9606.ENSP00000264260,9606.ENSP00000304915,9606.ENSP00000332973,9606.ENSP00000370842	IL4,IL1RL2,IL18RAP,IL13,SMAD3,IL33
Reactome	HSA-3108232	SUMO E3 ligases SUMOylate target proteins	6	166	1.0	0.0147	9606.ENSP00000080059,9606.ENSP00000261523,9606.ENSP00000276893,9606.ENSP00000355077,9606.ENSP00000411532,9606.ENSP00000478179	HDAC7,RORA,UHRF2,NSMCE1,TOP2A,CASP8AP2
WikiPathways	WP5198	Inflammatory bowel disease signaling	7	43	1.65	4.34e-07	9606.ENSP00000231449,9606.ENSP00000231454,9606.ENSP00000261523,9606.ENSP00000264260,9606.ENSP00000304915,9606.ENSP00000338010,9606.ENSP00000379111	IL4,IL5,RORA,IL18RAP,IL13,IL21R,IL4R
WikiPathways	WP3893	Development and heterogeneity of the ILC family	6	32	1.71	1.85e-06	9606.ENSP00000231449,9606.ENSP00000231454,9606.ENSP00000261523,9606.ENSP00000304915,9606.ENSP00000339804,9606.ENSP00000370842	IL4,IL5,RORA,IL13,TSLP,IL33
WikiPathways	WP5174	Ulcerative colitis signaling	4	18	1.78	0.00029	9606.ENSP00000231449,9606.ENSP00000231454,9606.ENSP00000304915,9606.ENSP00000379111	IL4,IL5,IL13,IL4R
WikiPathways	WP5287	17q12 copy number variation syndrome	6	98	1.22	0.00042	9606.ENSP00000254079,9606.ENSP00000269582,9606.ENSP00000300651,9606.ENSP00000300658,9606.ENSP00000344544,9606.ENSP00000398880	PPP1R1B,PNMT,MED1,PGAP3,IKZF3,CDK12
WikiPathways	WP530	Cytokines and inflammatory response	4	26	1.62	0.00064	9606.ENSP00000225474,9606.ENSP00000231449,9606.ENSP00000231454,9606.ENSP00000304915	CSF3,IL4,IL5,IL13
WikiPathways	WP4494	Selective expression of chemokine receptors during T-cell polarization	4	29	1.58	0.00079	9606.ENSP00000231449,9606.ENSP00000231454,9606.ENSP00000332659,9606.ENSP00000379111	IL4,IL5,CCR4,IL4R
WikiPathways	WP5130	Th17 cell differentiation pathway	5	69	1.3	0.00082	9606.ENSP00000231449,9606.ENSP00000246672,9606.ENSP00000261523,9606.ENSP00000338010,9606.ENSP00000379111	IL4,NR1D1,RORA,IL21R,IL4R
WikiPathways	WP5095	Overview of proinflammatory and profibrotic mediators	6	126	1.11	0.00084	9606.ENSP00000225474,9606.ENSP00000231449,9606.ENSP00000231454,9606.ENSP00000304915,9606.ENSP00000339804,9606.ENSP00000370842	CSF3,IL4,IL5,IL13,TSLP,IL33
WikiPathways	WP5083	Neuroinflammation and glutamatergic signaling	6	140	1.07	0.0013	9606.ENSP00000231449,9606.ENSP00000282356,9606.ENSP00000304915,9606.ENSP00000310447,9606.ENSP00000332973,9606.ENSP00000379111	IL4,CAMK4,IL13,GLS2,SMAD3,IL4R
WikiPathways	WP3624	Lung fibrosis	4	63	1.24	0.0081	9606.ENSP00000225474,9606.ENSP00000231449,9606.ENSP00000231454,9606.ENSP00000304915	CSF3,IL4,IL5,IL13
WikiPathways	WP5115	Network map of SARS-CoV-2 signaling pathway	6	218	0.88	0.0118	9606.ENSP00000231449,9606.ENSP00000231454,9606.ENSP00000264260,9606.ENSP00000282356,9606.ENSP00000304915,9606.ENSP00000370842	IL4,IL5,IL18RAP,CAMK4,IL13,IL33
WikiPathways	WP453	Inflammatory response pathway	3	30	1.44	0.0152	9606.ENSP00000231449,9606.ENSP00000231454,9606.ENSP00000379111	IL4,IL5,IL4R
WikiPathways	WP5285	Immune infiltration in pancreatic cancer	3	38	1.33	0.0269	9606.ENSP00000231449,9606.ENSP00000231454,9606.ENSP00000304915	IL4,IL5,IL13
WikiPathways	WP1971	Integrated cancer pathway	3	44	1.27	0.0373	9606.ENSP00000266970,9606.ENSP00000332973,9606.ENSP00000368100	CDK2,SMAD3,RAD50
WikiPathways	WP2263	Androgen receptor network in prostate cancer	4	109	1.0	0.0402	9606.ENSP00000266970,9606.ENSP00000332973,9606.ENSP00000368100,9606.ENSP00000449396	CDK2,SMAD3,RAD50,SMARCC2
Monarch	EFO:1002018	Bronchial disease	21	121	1.68	1.43e-24	9606.ENSP00000080059,9606.ENSP00000245414,9606.ENSP00000257749,9606.ENSP00000261523,9606.ENSP00000264257,9606.ENSP00000267101,9606.ENSP00000282356,9606.ENSP00000300651,9606.ENSP00000301659,9606.ENSP00000304915,9606.ENSP00000306920,9606.ENSP00000315351,9606.ENSP00000332973,9606.ENSP00000338010,9606.ENSP00000339804,9606.ENSP00000344544,9606.ENSP00000370842,9606.ENSP00000379111,9606.ENSP00000415049,9606.ENSP00000416696,9606.ENSP00000433205	HDAC7,IRF1,BACH2,RORA,IL1RL2,ERBB3,CAMK4,MED1,GSDMA,IL13,GLB1,D2HGDH,SMAD3,IL21R,TSLP,IKZF3,IL33,IL4R,GSDMB,RIC1,EMSY
Monarch	MONDO:0004979	Asthma	21	121	1.68	1.43e-24	9606.ENSP00000080059,9606.ENSP00000245414,9606.ENSP00000257749,9606.ENSP00000261523,9606.ENSP00000264257,9606.ENSP00000267101,9606.ENSP00000282356,9606.ENSP00000300651,9606.ENSP00000301659,9606.ENSP00000304915,9606.ENSP00000306920,9606.ENSP00000315351,9606.ENSP00000332973,9606.ENSP00000338010,9606.ENSP00000339804,9606.ENSP00000344544,9606.ENSP00000370842,9606.ENSP00000379111,9606.ENSP00000415049,9606.ENSP00000416696,9606.ENSP00000433205	HDAC7,IRF1,BACH2,RORA,IL1RL2,ERBB3,CAMK4,MED1,GSDMA,IL13,GLB1,D2HGDH,SMAD3,IL21R,TSLP,IKZF3,IL33,IL4R,GSDMB,RIC1,EMSY
Monarch	EFO:0010638	Atopic asthma	19	88	1.77	6.06e-24	9606.ENSP00000245414,9606.ENSP00000257749,9606.ENSP00000261523,9606.ENSP00000264257,9606.ENSP00000282356,9606.ENSP00000300651,9606.ENSP00000301659,9606.ENSP00000304915,9606.ENSP00000306920,9606.ENSP00000315351,9606.ENSP00000332973,9606.ENSP00000338010,9606.ENSP00000339804,9606.ENSP00000344544,9606.ENSP00000370842,9606.ENSP00000379111,9606.ENSP00000415049,9606.ENSP00000416696,9606.ENSP00000433205	IRF1,BACH2,RORA,IL1RL2,CAMK4,MED1,GSDMA,IL13,GLB1,D2HGDH,SMAD3,IL21R,TSLP,IKZF3,IL33,IL4R,GSDMB,RIC1,EMSY
Monarch	EFO:1002011	Adult onset asthma	12	53	1.79	1.46e-14	9606.ENSP00000080059,9606.ENSP00000245414,9606.ENSP00000257749,9606.ENSP00000261523,9606.ENSP00000264257,9606.ENSP00000267101,9606.ENSP00000306920,9606.ENSP00000315351,9606.ENSP00000332973,9606.ENSP00000339804,9606.ENSP00000370842,9606.ENSP00000379111	HDAC7,IRF1,BACH2,RORA,IL1RL2,ERBB3,GLB1,D2HGDH,SMAD3,TSLP,IL33,IL4R
Monarch	EFO:0009941	Inhalant adrenergic use measurement	9	24	2.01	4.21e-12	9606.ENSP00000245414,9606.ENSP00000257749,9606.ENSP00000261523,9606.ENSP00000306920,9606.ENSP00000315351,9606.ENSP00000332973,9606.ENSP00000355077,9606.ENSP00000379111,9606.ENSP00000415049	IRF1,BACH2,RORA,GLB1,D2HGDH,SMAD3,NSMCE1,IL4R,GSDMB
Monarch	EFO:0009942	Glucocorticoid use measurement	8	18	2.08	4.68e-11	9606.ENSP00000257749,9606.ENSP00000261523,9606.ENSP00000306920,9606.ENSP00000315351,9606.ENSP00000332973,9606.ENSP00000339804,9606.ENSP00000377668,9606.ENSP00000415049	BACH2,RORA,GLB1,D2HGDH,SMAD3,TSLP,SUOX,GSDMB
Monarch	EFO:0004842	Eosinophil count	20	734	0.87	2.16e-09	9606.ENSP00000221804,9606.ENSP00000225474,9606.ENSP00000228606,9606.ENSP00000231454,9606.ENSP00000245414,9606.ENSP00000257749,9606.ENSP00000261523,9606.ENSP00000264257,9606.ENSP00000264260,9606.ENSP00000301659,9606.ENSP00000306920,9606.ENSP00000315351,9606.ENSP00000332973,9606.ENSP00000344544,9606.ENSP00000368100,9606.ENSP00000370842,9606.ENSP00000377668,9606.ENSP00000379111,9606.ENSP00000429309,9606.ENSP00000433205	CLC,CSF3,CYP27B1,IL5,IRF1,BACH2,RORA,IL1RL2,IL18RAP,GSDMA,GLB1,D2HGDH,SMAD3,IKZF3,RAD50,IL33,SUOX,IL4R,TPD52,EMSY
Monarch	EFO:0007991	Eosinophil percentage of leukocytes	15	336	1.09	2.30e-09	9606.ENSP00000221804,9606.ENSP00000228606,9606.ENSP00000245414,9606.ENSP00000257749,9606.ENSP00000261523,9606.ENSP00000264260,9606.ENSP00000306920,9606.ENSP00000315351,9606.ENSP00000332973,9606.ENSP00000344544,9606.ENSP00000368100,9606.ENSP00000370842,9606.ENSP00000377668,9606.ENSP00000379111,9606.ENSP00000433205	CLC,CYP27B1,IRF1,BACH2,RORA,IL18RAP,GLB1,D2HGDH,SMAD3,IKZF3,RAD50,IL33,SUOX,IL4R,EMSY
Monarch	EFO:0000408	Disease	25	1373	0.7	9.15e-09	9606.ENSP00000080059,9606.ENSP00000245414,9606.ENSP00000257749,9606.ENSP00000261523,9606.ENSP00000264257,9606.ENSP00000267101,9606.ENSP00000282356,9606.ENSP00000300651,9606.ENSP00000301659,9606.ENSP00000304915,9606.ENSP00000306920,9606.ENSP00000310447,9606.ENSP00000315351,9606.ENSP00000315768,9606.ENSP00000332973,9606.ENSP00000338010,9606.ENSP00000339804,9606.ENSP00000344544,9606.ENSP00000370842,9606.ENSP00000379111,9606.ENSP00000415049,9606.ENSP00000416696,9606.ENSP00000433205,9606.ENSP00000478179,9606.ENSP00000490767	HDAC7,IRF1,BACH2,RORA,IL1RL2,ERBB3,CAMK4,MED1,GSDMA,IL13,GLB1,GLS2,D2HGDH,STAT2,SMAD3,IL21R,TSLP,IKZF3,IL33,IL4R,GSDMB,RIC1,EMSY,CASP8AP2,ING5
Monarch	EFO:0007996	Eosinophil percentage of granulocytes	10	101	1.43	9.15e-09	9606.ENSP00000221804,9606.ENSP00000245414,9606.ENSP00000257749,9606.ENSP00000264260,9606.ENSP00000306920,9606.ENSP00000315351,9606.ENSP00000332973,9606.ENSP00000344544,9606.ENSP00000368100,9606.ENSP00000433205	CLC,IRF1,BACH2,IL18RAP,GLB1,D2HGDH,SMAD3,IKZF3,RAD50,EMSY
Monarch	EFO:0004308	Leukocyte count	28	2057	0.57	2.54e-07	9606.ENSP00000080059,9606.ENSP00000221804,9606.ENSP00000225474,9606.ENSP00000228606,9606.ENSP00000231454,9606.ENSP00000245414,9606.ENSP00000246672,9606.ENSP00000257749,9606.ENSP00000261523,9606.ENSP00000264257,9606.ENSP00000264260,9606.ENSP00000282356,9606.ENSP00000301659,9606.ENSP00000304915,9606.ENSP00000306920,9606.ENSP00000315351,9606.ENSP00000315768,9606.ENSP00000332973,9606.ENSP00000344544,9606.ENSP00000348849,9606.ENSP00000368100,9606.ENSP00000370842,9606.ENSP00000377668,9606.ENSP00000379111,9606.ENSP00000411532,9606.ENSP00000415049,9606.ENSP00000429309,9606.ENSP00000433205	HDAC7,CLC,CSF3,CYP27B1,IL5,IRF1,NR1D1,BACH2,RORA,IL1RL2,IL18RAP,CAMK4,GSDMA,IL13,GLB1,D2HGDH,STAT2,SMAD3,IKZF3,RPS26,RAD50,IL33,SUOX,IL4R,TOP2A,GSDMB,TPD52,EMSY
Monarch	EFO:0007010	Drug use measurement	14	403	0.98	2.54e-07	9606.ENSP00000080059,9606.ENSP00000228606,9606.ENSP00000245414,9606.ENSP00000257749,9606.ENSP00000261523,9606.ENSP00000282356,9606.ENSP00000306920,9606.ENSP00000315351,9606.ENSP00000332973,9606.ENSP00000339804,9606.ENSP00000355077,9606.ENSP00000377668,9606.ENSP00000379111,9606.ENSP00000415049	HDAC7,CYP27B1,IRF1,BACH2,RORA,CAMK4,GLB1,D2HGDH,SMAD3,TSLP,NSMCE1,SUOX,IL4R,GSDMB
Monarch	HP:0000964	Eczema	12	265	1.09	2.67e-07	9606.ENSP00000245414,9606.ENSP00000257749,9606.ENSP00000261523,9606.ENSP00000301659,9606.ENSP00000304915,9606.ENSP00000306920,9606.ENSP00000315351,9606.ENSP00000332973,9606.ENSP00000377668,9606.ENSP00000379111,9606.ENSP00000384126,9606.ENSP00000449396	IRF1,BACH2,RORA,GSDMA,IL13,GLB1,D2HGDH,SMAD3,SUOX,IL4R,LRRC32,SMARCC2
Monarch	EFO:0007987	Granulocyte count	22	1288	0.67	5.44e-07	9606.ENSP00000080059,9606.ENSP00000221804,9606.ENSP00000225474,9606.ENSP00000228606,9606.ENSP00000231454,9606.ENSP00000245414,9606.ENSP00000257749,9606.ENSP00000261523,9606.ENSP00000264257,9606.ENSP00000264260,9606.ENSP00000301659,9606.ENSP00000306920,9606.ENSP00000315351,9606.ENSP00000332973,9606.ENSP00000344544,9606.ENSP00000368100,9606.ENSP00000370842,9606.ENSP00000377668,9606.ENSP00000379111,9606.ENSP00000411532,9606.ENSP00000429309,9606.ENSP00000433205	HDAC7,CLC,CSF3,CYP27B1,IL5,IRF1,BACH2,RORA,IL1RL2,IL18RAP,GSDMA,GLB1,D2HGDH,SMAD3,IKZF3,RAD50,IL33,SUOX,IL4R,TOP2A,TPD52,EMSY
Monarch	EFO:0004847	Age at onset	11	304	1.0	1.22e-05	9606.ENSP00000257749,9606.ENSP00000261523,9606.ENSP00000300651,9606.ENSP00000301659,9606.ENSP00000315351,9606.ENSP00000332973,9606.ENSP00000339804,9606.ENSP00000368100,9606.ENSP00000379111,9606.ENSP00000380855,9606.ENSP00000415049	BACH2,RORA,MED1,GSDMA,D2HGDH,SMAD3,TSLP,RAD50,IL4R,PDCD1LG2,GSDMB
Monarch	EFO:0004586	Complete blood cell count	30	2849	0.46	1.34e-05	9606.ENSP00000080059,9606.ENSP00000221804,9606.ENSP00000225474,9606.ENSP00000228606,9606.ENSP00000231454,9606.ENSP00000245414,9606.ENSP00000246672,9606.ENSP00000254079,9606.ENSP00000257749,9606.ENSP00000261523,9606.ENSP00000264257,9606.ENSP00000264260,9606.ENSP00000282356,9606.ENSP00000301659,9606.ENSP00000304915,9606.ENSP00000306920,9606.ENSP00000315351,9606.ENSP00000315768,9606.ENSP00000332973,9606.ENSP00000344544,9606.ENSP00000348849,9606.ENSP00000368100,9606.ENSP00000370842,9606.ENSP00000377668,9606.ENSP00000379111,9606.ENSP00000411532,9606.ENSP00000415049,9606.ENSP00000429309,9606.ENSP00000433205,9606.ENSP00000490767	HDAC7,CLC,CSF3,CYP27B1,IL5,IRF1,NR1D1,PPP1R1B,BACH2,RORA,IL1RL2,IL18RAP,CAMK4,GSDMA,IL13,GLB1,D2HGDH,STAT2,SMAD3,IKZF3,RPS26,RAD50,IL33,SUOX,IL4R,TOP2A,GSDMB,TPD52,EMSY,ING5
Monarch	EFO:0007994	Neutrophil percentage of granulocytes	7	91	1.32	4.09e-05	9606.ENSP00000221804,9606.ENSP00000245414,9606.ENSP00000257749,9606.ENSP00000264260,9606.ENSP00000306920,9606.ENSP00000315351,9606.ENSP00000344544	CLC,IRF1,BACH2,IL18RAP,GLB1,D2HGDH,IKZF3
Monarch	EFO:0000246	Age	14	745	0.71	0.00027	9606.ENSP00000257749,9606.ENSP00000261523,9606.ENSP00000282356,9606.ENSP00000300651,9606.ENSP00000300658,9606.ENSP00000301659,9606.ENSP00000315351,9606.ENSP00000332973,9606.ENSP00000339804,9606.ENSP00000348849,9606.ENSP00000368100,9606.ENSP00000379111,9606.ENSP00000380855,9606.ENSP00000415049	BACH2,RORA,CAMK4,MED1,PGAP3,GSDMA,D2HGDH,SMAD3,TSLP,RPS26,RAD50,IL4R,PDCD1LG2,GSDMB
Monarch	HP:0011122	Abnormality of skin physiology	12	524	0.8	0.00027	9606.ENSP00000245414,9606.ENSP00000257749,9606.ENSP00000261523,9606.ENSP00000301659,9606.ENSP00000304915,9606.ENSP00000306920,9606.ENSP00000315351,9606.ENSP00000332973,9606.ENSP00000377668,9606.ENSP00000379111,9606.ENSP00000384126,9606.ENSP00000449396	IRF1,BACH2,RORA,GSDMA,IL13,GLB1,D2HGDH,SMAD3,SUOX,IL4R,LRRC32,SMARCC2
Monarch	EFO:0005090	Basophil count	10	361	0.88	0.00046	9606.ENSP00000221804,9606.ENSP00000225474,9606.ENSP00000245414,9606.ENSP00000257749,9606.ENSP00000264260,9606.ENSP00000306920,9606.ENSP00000315351,9606.ENSP00000332973,9606.ENSP00000368100,9606.ENSP00000379111	CLC,CSF3,IRF1,BACH2,IL18RAP,GLB1,D2HGDH,SMAD3,RAD50,IL4R
Monarch	HP:0010978	Abnormality of immune system physiology	18	1347	0.56	0.00064	9606.ENSP00000245414,9606.ENSP00000257749,9606.ENSP00000261523,9606.ENSP00000265343,9606.ENSP00000267101,9606.ENSP00000301659,9606.ENSP00000304915,9606.ENSP00000306920,9606.ENSP00000315351,9606.ENSP00000315768,9606.ENSP00000332973,9606.ENSP00000338010,9606.ENSP00000344544,9606.ENSP00000377668,9606.ENSP00000379111,9606.ENSP00000384126,9606.ENSP00000416696,9606.ENSP00000449396	IRF1,BACH2,RORA,AFF4,ERBB3,GSDMA,IL13,GLB1,D2HGDH,STAT2,SMAD3,IL21R,IKZF3,SUOX,IL4R,LRRC32,RIC1,SMARCC2
Monarch	EFO:0004833	Neutrophil count	13	712	0.7	0.00088	9606.ENSP00000080059,9606.ENSP00000221804,9606.ENSP00000225474,9606.ENSP00000245414,9606.ENSP00000257749,9606.ENSP00000264260,9606.ENSP00000301659,9606.ENSP00000306920,9606.ENSP00000315351,9606.ENSP00000344544,9606.ENSP00000368100,9606.ENSP00000370842,9606.ENSP00000411532	HDAC7,CLC,CSF3,IRF1,BACH2,IL18RAP,GSDMA,GLB1,D2HGDH,IKZF3,RAD50,IL33,TOP2A
Monarch	HP:0012649	Increased inflammatory response	15	981	0.62	0.0011	9606.ENSP00000245414,9606.ENSP00000257749,9606.ENSP00000261523,9606.ENSP00000265343,9606.ENSP00000301659,9606.ENSP00000304915,9606.ENSP00000306920,9606.ENSP00000315351,9606.ENSP00000315768,9606.ENSP00000332973,9606.ENSP00000338010,9606.ENSP00000377668,9606.ENSP00000379111,9606.ENSP00000384126,9606.ENSP00000449396	IRF1,BACH2,RORA,AFF4,GSDMA,IL13,GLB1,D2HGDH,STAT2,SMAD3,IL21R,SUOX,IL4R,LRRC32,SMARCC2
Monarch	EFO:0007993	Lymphocyte percentage of leukocytes	9	320	0.89	0.0013	9606.ENSP00000080059,9606.ENSP00000225474,9606.ENSP00000245414,9606.ENSP00000257749,9606.ENSP00000264260,9606.ENSP00000282356,9606.ENSP00000301659,9606.ENSP00000315768,9606.ENSP00000344544	HDAC7,CSF3,IRF1,BACH2,IL18RAP,CAMK4,GSDMA,STAT2,IKZF3
Monarch	HP:0002715	Abnormality of the immune system	19	1682	0.49	0.0029	9606.ENSP00000245414,9606.ENSP00000257749,9606.ENSP00000261523,9606.ENSP00000265343,9606.ENSP00000267101,9606.ENSP00000301659,9606.ENSP00000304915,9606.ENSP00000306920,9606.ENSP00000315351,9606.ENSP00000315768,9606.ENSP00000332973,9606.ENSP00000338010,9606.ENSP00000344544,9606.ENSP00000348849,9606.ENSP00000377668,9606.ENSP00000379111,9606.ENSP00000384126,9606.ENSP00000416696,9606.ENSP00000449396	IRF1,BACH2,RORA,AFF4,ERBB3,GSDMA,IL13,GLB1,D2HGDH,STAT2,SMAD3,IL21R,IKZF3,RPS26,SUOX,IL4R,LRRC32,RIC1,SMARCC2
Monarch	EFO:0004872	Inflammatory biomarker measurement	16	1226	0.55	0.0030	9606.ENSP00000221804,9606.ENSP00000225474,9606.ENSP00000228606,9606.ENSP00000245414,9606.ENSP00000257749,9606.ENSP00000261523,9606.ENSP00000264260,9606.ENSP00000265343,9606.ENSP00000306920,9606.ENSP00000310447,9606.ENSP00000315351,9606.ENSP00000332973,9606.ENSP00000338034,9606.ENSP00000368100,9606.ENSP00000379111,9606.ENSP00000449396	CLC,CSF3,CYP27B1,IRF1,BACH2,RORA,IL18RAP,AFF4,GLB1,GLS2,D2HGDH,SMAD3,SPRYD4,RAD50,IL4R,SMARCC2
Monarch	EFO:0004503	Hematological measurement	34	4592	0.31	0.0031	9606.ENSP00000080059,9606.ENSP00000221804,9606.ENSP00000225474,9606.ENSP00000228606,9606.ENSP00000231454,9606.ENSP00000245414,9606.ENSP00000246672,9606.ENSP00000254079,9606.ENSP00000257749,9606.ENSP00000261523,9606.ENSP00000264257,9606.ENSP00000264260,9606.ENSP00000282356,9606.ENSP00000301659,9606.ENSP00000304915,9606.ENSP00000306920,9606.ENSP00000315351,9606.ENSP00000315768,9606.ENSP00000332973,9606.ENSP00000344544,9606.ENSP00000348849,9606.ENSP00000368100,9606.ENSP00000370842,9606.ENSP00000377668,9606.ENSP00000379111,9606.ENSP00000387462,9606.ENSP00000395708,9606.ENSP00000398880,9606.ENSP00000411532,9606.ENSP00000415049,9606.ENSP00000415998,9606.ENSP00000429309,9606.ENSP00000433205,9606.ENSP00000490767	HDAC7,CLC,CSF3,CYP27B1,IL5,IRF1,NR1D1,PPP1R1B,BACH2,RORA,IL1RL2,IL18RAP,CAMK4,GSDMA,IL13,GLB1,D2HGDH,STAT2,SMAD3,IKZF3,RPS26,RAD50,IL33,SUOX,IL4R,ZBTB10,RAPGEF3,CDK12,TOP2A,GSDMB,SLC48A1,TPD52,EMSY,ING5
Monarch	EFO:0007614	Asthma exacerbation measurement	4	33	1.52	0.0036	9606.ENSP00000264260,9606.ENSP00000304915,9606.ENSP00000344544,9606.ENSP00000415049	IL18RAP,IL13,IKZF3,GSDMB
Monarch	EFO:0004579	Serum IgE measurement	3	15	1.74	0.0127	9606.ENSP00000304915,9606.ENSP00000368100,9606.ENSP00000379111	IL13,RAD50,IL4R
Monarch	EFO:0004587	Lymphocyte count	11	694	0.64	0.0155	9606.ENSP00000080059,9606.ENSP00000225474,9606.ENSP00000245414,9606.ENSP00000257749,9606.ENSP00000264260,9606.ENSP00000282356,9606.ENSP00000301659,9606.ENSP00000304915,9606.ENSP00000315768,9606.ENSP00000344544,9606.ENSP00000348849	HDAC7,CSF3,IRF1,BACH2,IL18RAP,CAMK4,GSDMA,IL13,STAT2,IKZF3,RPS26
Monarch	EFO:0000719	Temporal measurement	15	1351	0.48	0.0326	9606.ENSP00000257749,9606.ENSP00000261523,9606.ENSP00000282356,9606.ENSP00000300651,9606.ENSP00000300658,9606.ENSP00000301659,9606.ENSP00000315351,9606.ENSP00000332973,9606.ENSP00000339804,9606.ENSP00000348849,9606.ENSP00000368100,9606.ENSP00000373272,9606.ENSP00000379111,9606.ENSP00000380855,9606.ENSP00000415049	BACH2,RORA,CAMK4,MED1,PGAP3,GSDMA,D2HGDH,SMAD3,TSLP,RPS26,RAD50,TRIM71,IL4R,PDCD1LG2,GSDMB
Monarch	EFO:0004747	Protein measurement	37	5856	0.24	0.0326	9606.ENSP00000080059,9606.ENSP00000228606,9606.ENSP00000245414,9606.ENSP00000246672,9606.ENSP00000254079,9606.ENSP00000257749,9606.ENSP00000261523,9606.ENSP00000264257,9606.ENSP00000264260,9606.ENSP00000265343,9606.ENSP00000266970,9606.ENSP00000267101,9606.ENSP00000267116,9606.ENSP00000269582,9606.ENSP00000273130,9606.ENSP00000276893,9606.ENSP00000279441,9606.ENSP00000300651,9606.ENSP00000300658,9606.ENSP00000301659,9606.ENSP00000306920,9606.ENSP00000310447,9606.ENSP00000315351,9606.ENSP00000332973,9606.ENSP00000338034,9606.ENSP00000348849,9606.ENSP00000379111,9606.ENSP00000380855,9606.ENSP00000381008,9606.ENSP00000387462,9606.ENSP00000395708,9606.ENSP00000398880,9606.ENSP00000415049,9606.ENSP00000416696,9606.ENSP00000429309,9606.ENSP00000449396,9606.ENSP00000490767	HDAC7,CYP27B1,IRF1,NR1D1,PPP1R1B,BACH2,RORA,IL1RL2,IL18RAP,AFF4,CDK2,ERBB3,ANKRD52,PNMT,DYNC1LI1,UHRF2,MMP10,MED1,PGAP3,GSDMA,GLB1,GLS2,D2HGDH,SMAD3,SPRYD4,RPS26,IL4R,PDCD1LG2,MUC16,ZBTB10,RAPGEF3,CDK12,GSDMB,RIC1,TPD52,SMARCC2,ING5
DISEASES	DOID:2841	Asthma	9	40	1.79	5.64e-10	9606.ENSP00000231449,9606.ENSP00000231454,9606.ENSP00000302324,9606.ENSP00000304915,9606.ENSP00000339804,9606.ENSP00000370842,9606.ENSP00000377724,9606.ENSP00000379111,9606.ENSP00000415049	IL4,IL5,RNASE3,IL13,TSLP,IL33,ORMDL3,IL4R,GSDMB
DISEASES	DOID:1205	Allergic disease	9	72	1.53	2.18e-08	9606.ENSP00000225474,9606.ENSP00000231449,9606.ENSP00000231454,9606.ENSP00000302324,9606.ENSP00000304915,9606.ENSP00000339804,9606.ENSP00000370842,9606.ENSP00000379111,9606.ENSP00000433205	CSF3,IL4,IL5,RNASE3,IL13,TSLP,IL33,IL4R,EMSY
DISEASES	DOID:4481	Allergic rhinitis	6	11	2.17	2.60e-08	9606.ENSP00000231449,9606.ENSP00000231454,9606.ENSP00000302324,9606.ENSP00000304915,9606.ENSP00000339804,9606.ENSP00000370842	IL4,IL5,RNASE3,IL13,TSLP,IL33
DISEASES	DOID:999	Hypereosinophilic syndrome	6	11	2.17	2.60e-08	9606.ENSP00000231449,9606.ENSP00000231454,9606.ENSP00000302324,9606.ENSP00000304915,9606.ENSP00000339804,9606.ENSP00000370842	IL4,IL5,RNASE3,IL13,TSLP,IL33
DISEASES	DOID:2914	Immune system disease	17	675	0.84	2.16e-07	9606.ENSP00000225474,9606.ENSP00000228606,9606.ENSP00000231449,9606.ENSP00000231454,9606.ENSP00000257749,9606.ENSP00000264257,9606.ENSP00000264260,9606.ENSP00000267101,9606.ENSP00000302324,9606.ENSP00000304915,9606.ENSP00000315768,9606.ENSP00000339804,9606.ENSP00000344544,9606.ENSP00000370842,9606.ENSP00000379111,9606.ENSP00000380855,9606.ENSP00000433205	CSF3,CYP27B1,IL4,IL5,BACH2,IL1RL2,IL18RAP,ERBB3,RNASE3,IL13,STAT2,TSLP,IKZF3,IL33,IL4R,PDCD1LG2,EMSY
DISEASES	DOID:0060496	Respiratory allergy	6	25	1.82	6.60e-07	9606.ENSP00000231449,9606.ENSP00000231454,9606.ENSP00000302324,9606.ENSP00000304915,9606.ENSP00000339804,9606.ENSP00000370842	IL4,IL5,RNASE3,IL13,TSLP,IL33
DISEASES	DOID:9415	Allergic asthma	5	10	2.14	7.46e-07	9606.ENSP00000231449,9606.ENSP00000231454,9606.ENSP00000304915,9606.ENSP00000339804,9606.ENSP00000370842	IL4,IL5,IL13,TSLP,IL33
DISEASES	DOID:3310	Atopic dermatitis	5	15	1.96	3.16e-06	9606.ENSP00000231449,9606.ENSP00000231454,9606.ENSP00000304915,9606.ENSP00000339804,9606.ENSP00000433205	IL4,IL5,IL13,TSLP,EMSY
DISEASES	DOID:0050161	Lower respiratory tract disease	10	226	1.08	4.17e-06	9606.ENSP00000231449,9606.ENSP00000231454,9606.ENSP00000245414,9606.ENSP00000302324,9606.ENSP00000304915,9606.ENSP00000339804,9606.ENSP00000370842,9606.ENSP00000377724,9606.ENSP00000379111,9606.ENSP00000415049	IL4,IL5,IRF1,RNASE3,IL13,TSLP,IL33,ORMDL3,IL4R,GSDMB
DISEASES	DOID:2723	Dermatitis	7	74	1.41	5.08e-06	9606.ENSP00000231449,9606.ENSP00000231454,9606.ENSP00000264257,9606.ENSP00000304915,9606.ENSP00000310447,9606.ENSP00000339804,9606.ENSP00000433205	IL4,IL5,IL1RL2,IL13,GLS2,TSLP,EMSY
DISEASES	DOID:10459	Common cold	4	5	2.34	5.43e-06	9606.ENSP00000231449,9606.ENSP00000231454,9606.ENSP00000304915,9606.ENSP00000339804	IL4,IL5,IL13,TSLP
DISEASES	DOID:9500	Leukocyte disease	7	77	1.4	5.83e-06	9606.ENSP00000225474,9606.ENSP00000231449,9606.ENSP00000231454,9606.ENSP00000302324,9606.ENSP00000304915,9606.ENSP00000339804,9606.ENSP00000370842	CSF3,IL4,IL5,RNASE3,IL13,TSLP,IL33
DISEASES	DOID:9498	Pulmonary eosinophilia	3	4	2.31	0.00035	9606.ENSP00000231449,9606.ENSP00000231454,9606.ENSP00000304915	IL4,IL5,IL13
DISEASES	DOID:0060502	Gastrointestinal allergy	4	25	1.64	0.00075	9606.ENSP00000231449,9606.ENSP00000231454,9606.ENSP00000304915,9606.ENSP00000339804	IL4,IL5,IL13,TSLP
DISEASES	DOID:9360	Intrinsic asthma	3	8	2.01	0.0015	9606.ENSP00000231449,9606.ENSP00000231454,9606.ENSP00000304915	IL4,IL5,IL13
DISEASES	DOID:1395	Schistosomiasis	3	9	1.96	0.0017	9606.ENSP00000231449,9606.ENSP00000302324,9606.ENSP00000304915	IL4,RNASE3,IL13
DISEASES	DOID:612	Primary immunodeficiency disease	10	470	0.77	0.0017	9606.ENSP00000228606,9606.ENSP00000231449,9606.ENSP00000257749,9606.ENSP00000264257,9606.ENSP00000264260,9606.ENSP00000267101,9606.ENSP00000304915,9606.ENSP00000315768,9606.ENSP00000344544,9606.ENSP00000380855	CYP27B1,IL4,BACH2,IL1RL2,IL18RAP,ERBB3,IL13,STAT2,IKZF3,PDCD1LG2
DISEASES	DOID:74	Hematopoietic system disease	10	473	0.76	0.0017	9606.ENSP00000225474,9606.ENSP00000228606,9606.ENSP00000231449,9606.ENSP00000231454,9606.ENSP00000302324,9606.ENSP00000304915,9606.ENSP00000339804,9606.ENSP00000348849,9606.ENSP00000370842,9606.ENSP00000380855	CSF3,CYP27B1,IL4,IL5,RNASE3,IL13,TSLP,RPS26,IL33,PDCD1LG2
DISEASES	DOID:883	Parasitic helminthiasis infectious disease	4	32	1.53	0.0017	9606.ENSP00000231449,9606.ENSP00000231454,9606.ENSP00000302324,9606.ENSP00000304915	IL4,IL5,RNASE3,IL13
DISEASES	DOID:6195	Conjunctivitis	3	11	1.87	0.0027	9606.ENSP00000231449,9606.ENSP00000231454,9606.ENSP00000304915	IL4,IL5,IL13
DISEASES	DOID:37	Skin disease	10	518	0.72	0.0033	9606.ENSP00000225474,9606.ENSP00000228606,9606.ENSP00000231449,9606.ENSP00000231454,9606.ENSP00000264257,9606.ENSP00000267101,9606.ENSP00000304915,9606.ENSP00000310447,9606.ENSP00000339804,9606.ENSP00000433205	CSF3,CYP27B1,IL4,IL5,IL1RL2,ERBB3,IL13,GLS2,TSLP,EMSY
DISEASES	DOID:417	Autoimmune disease	8	317	0.84	0.0036	9606.ENSP00000228606,9606.ENSP00000231449,9606.ENSP00000264257,9606.ENSP00000264260,9606.ENSP00000267101,9606.ENSP00000304915,9606.ENSP00000344544,9606.ENSP00000380855	CYP27B1,IL4,IL1RL2,IL18RAP,ERBB3,IL13,IKZF3,PDCD1LG2
DISEASES	DOID:0060039	Autoimmune disease of skin and connective tissue	5	97	1.15	0.0052	9606.ENSP00000228606,9606.ENSP00000231449,9606.ENSP00000264257,9606.ENSP00000267101,9606.ENSP00000304915	CYP27B1,IL4,IL1RL2,ERBB3,IL13
DISEASES	DOID:986	Alopecia areata	4	47	1.37	0.0052	9606.ENSP00000228606,9606.ENSP00000231449,9606.ENSP00000267101,9606.ENSP00000304915	CYP27B1,IL4,ERBB3,IL13
DISEASES	DOID:0060032	Autoimmune disease of musculoskeletal system	6	200	0.91	0.0138	9606.ENSP00000228606,9606.ENSP00000231449,9606.ENSP00000264257,9606.ENSP00000267101,9606.ENSP00000304915,9606.ENSP00000344544	CYP27B1,IL4,IL1RL2,ERBB3,IL13,IKZF3
DISEASES	DOID:11204	Allergic conjunctivitis	2	3	2.26	0.0162	9606.ENSP00000231454,9606.ENSP00000304915	IL5,IL13
DISEASES	DOID:3044	Food allergy	3	24	1.53	0.0162	9606.ENSP00000231449,9606.ENSP00000231454,9606.ENSP00000304915	IL4,IL5,IL13
DISEASES	DOID:7	Disease of anatomical entity	32	4798	0.26	0.0181	9606.ENSP00000225474,9606.ENSP00000228606,9606.ENSP00000231449,9606.ENSP00000231454,9606.ENSP00000245414,9606.ENSP00000246672,9606.ENSP00000254079,9606.ENSP00000257749,9606.ENSP00000261523,9606.ENSP00000264257,9606.ENSP00000264260,9606.ENSP00000266970,9606.ENSP00000267101,9606.ENSP00000300658,9606.ENSP00000302324,9606.ENSP00000304915,9606.ENSP00000306920,9606.ENSP00000310447,9606.ENSP00000315351,9606.ENSP00000315768,9606.ENSP00000332973,9606.ENSP00000339804,9606.ENSP00000344544,9606.ENSP00000348849,9606.ENSP00000368100,9606.ENSP00000370842,9606.ENSP00000377668,9606.ENSP00000377724,9606.ENSP00000379111,9606.ENSP00000380855,9606.ENSP00000415049,9606.ENSP00000433205	CSF3,CYP27B1,IL4,IL5,IRF1,NR1D1,PPP1R1B,BACH2,RORA,IL1RL2,IL18RAP,CDK2,ERBB3,PGAP3,RNASE3,IL13,GLB1,GLS2,D2HGDH,STAT2,SMAD3,TSLP,IKZF3,RPS26,RAD50,IL33,SUOX,ORMDL3,IL4R,PDCD1LG2,GSDMB,EMSY
DISEASES	DOID:8893	Psoriasis	3	29	1.45	0.0239	9606.ENSP00000231449,9606.ENSP00000264257,9606.ENSP00000304915	IL4,IL1RL2,IL13
TISSUES	BTO:0000129	Basophil	5	12	2.06	8.07e-06	9606.ENSP00000231449,9606.ENSP00000231454,9606.ENSP00000304915,9606.ENSP00000339804,9606.ENSP00000370842	IL4,IL5,IL13,TSLP,IL33
TISSUES	BTO:0000399	Eosinophil	5	16	1.93	1.31e-05	9606.ENSP00000231449,9606.ENSP00000231454,9606.ENSP00000302324,9606.ENSP00000304915,9606.ENSP00000370842	IL4,IL5,RNASE3,IL13,IL33
TISSUES	BTO:0000539	Granulocyte	6	69	1.38	0.00025	9606.ENSP00000231449,9606.ENSP00000231454,9606.ENSP00000302324,9606.ENSP00000304915,9606.ENSP00000339804,9606.ENSP00000370842	IL4,IL5,RNASE3,IL13,TSLP,IL33
TISSUES	BTO:0000830	Mast cell	4	14	1.89	0.00029	9606.ENSP00000231449,9606.ENSP00000231454,9606.ENSP00000304915,9606.ENSP00000370842	IL4,IL5,IL13,IL33
TISSUES	BTO:0004977	Nasal lavage fluid	3	3	2.44	0.00045	9606.ENSP00000231449,9606.ENSP00000231454,9606.ENSP00000302324	IL4,IL5,RNASE3
TISSUES	BTO:0000155	Bronchoalveolar lavage fluid	3	7	2.07	0.0022	9606.ENSP00000231449,9606.ENSP00000231454,9606.ENSP00000304915	IL4,IL5,IL13
TISSUES	BTO:0001540	Goblet cell	3	7	2.07	0.0022	9606.ENSP00000231449,9606.ENSP00000231454,9606.ENSP00000304915	IL4,IL5,IL13
TISSUES	BTO:0001679	Th2 cell	3	7	2.07	0.0022	9606.ENSP00000231449,9606.ENSP00000231454,9606.ENSP00000304915	IL4,IL5,IL13
TISSUES	BTO:0000419	Respiratory epithelium	4	50	1.34	0.0090	9606.ENSP00000231449,9606.ENSP00000231454,9606.ENSP00000304915,9606.ENSP00000339804	IL4,IL5,IL13,TSLP
TISSUES	BTO:0001846	Bronchial mucosa	2	2	2.44	0.0146	9606.ENSP00000231454,9606.ENSP00000304915	IL5,IL13
TISSUES	BTO:0000269	Colon	10	639	0.63	0.0201	9606.ENSP00000080059,9606.ENSP00000254079,9606.ENSP00000300651,9606.ENSP00000300658,9606.ENSP00000302324,9606.ENSP00000306920,9606.ENSP00000377724,9606.ENSP00000415049,9606.ENSP00000429309,9606.ENSP00000449396	HDAC7,PPP1R1B,MED1,PGAP3,RNASE3,GLB1,ORMDL3,GSDMB,TPD52,SMARCC2
TISSUES	BTO:0000522	Gland	41	7004	0.2	0.0269	9606.ENSP00000080059,9606.ENSP00000228606,9606.ENSP00000231449,9606.ENSP00000231454,9606.ENSP00000245414,9606.ENSP00000246672,9606.ENSP00000261523,9606.ENSP00000265343,9606.ENSP00000267101,9606.ENSP00000269582,9606.ENSP00000273130,9606.ENSP00000276893,9606.ENSP00000279441,9606.ENSP00000282356,9606.ENSP00000300651,9606.ENSP00000304915,9606.ENSP00000306920,9606.ENSP00000310447,9606.ENSP00000315768,9606.ENSP00000332973,9606.ENSP00000338010,9606.ENSP00000338034,9606.ENSP00000339804,9606.ENSP00000344544,9606.ENSP00000348849,9606.ENSP00000355077,9606.ENSP00000368100,9606.ENSP00000370842,9606.ENSP00000377668,9606.ENSP00000377724,9606.ENSP00000379111,9606.ENSP00000384126,9606.ENSP00000384259,9606.ENSP00000387462,9606.ENSP00000395708,9606.ENSP00000398410,9606.ENSP00000398880,9606.ENSP00000416696,9606.ENSP00000429309,9606.ENSP00000449396,9606.ENSP00000481859	HDAC7,CYP27B1,IL4,IL5,IRF1,NR1D1,RORA,AFF4,ERBB3,PNMT,DYNC1LI1,UHRF2,MMP10,CAMK4,MED1,IL13,GLB1,GLS2,STAT2,SMAD3,IL21R,SPRYD4,TSLP,IKZF3,RPS26,NSMCE1,RAD50,IL33,SUOX,ORMDL3,IL4R,LRRC32,ATG4B,ZBTB10,RAPGEF3,KDM8,CDK12,RIC1,TPD52,SMARCC2,PAN2
TISSUES	BTO:0000734	Myelocyte	2	4	2.14	0.0276	9606.ENSP00000221804,9606.ENSP00000302324	CLC,RNASE3
TISSUES	BTO:0000648	Intestine	14	1349	0.45	0.0424	9606.ENSP00000080059,9606.ENSP00000231449,9606.ENSP00000231454,9606.ENSP00000254079,9606.ENSP00000267101,9606.ENSP00000300651,9606.ENSP00000300658,9606.ENSP00000302324,9606.ENSP00000304915,9606.ENSP00000306920,9606.ENSP00000377724,9606.ENSP00000415049,9606.ENSP00000429309,9606.ENSP00000449396	HDAC7,IL4,IL5,PPP1R1B,ERBB3,MED1,PGAP3,RNASE3,IL13,GLB1,ORMDL3,GSDMB,TPD52,SMARCC2
TISSUES	BTO:0001660	Respiratory smooth muscle	2	6	1.96	0.0424	9606.ENSP00000231454,9606.ENSP00000304915	IL5,IL13
TISSUES	BTO:0004533	Respiratory epithelium cell	2	6	1.96	0.0424	9606.ENSP00000304915,9606.ENSP00000339804	IL13,TSLP
TISSUES	BTO:0001489	Whole body	61	13099	0.11	0.0435	9606.ENSP00000005386,9606.ENSP00000080059,9606.ENSP00000225474,9606.ENSP00000228606,9606.ENSP00000231449,9606.ENSP00000231454,9606.ENSP00000245414,9606.ENSP00000246672,9606.ENSP00000254079,9606.ENSP00000257749,9606.ENSP00000257868,9606.ENSP00000261523,9606.ENSP00000265343,9606.ENSP00000266970,9606.ENSP00000267101,9606.ENSP00000269582,9606.ENSP00000273130,9606.ENSP00000276893,9606.ENSP00000279441,9606.ENSP00000282356,9606.ENSP00000300651,9606.ENSP00000300658,9606.ENSP00000301659,9606.ENSP00000302324,9606.ENSP00000304915,9606.ENSP00000306920,9606.ENSP00000310447,9606.ENSP00000315768,9606.ENSP00000332659,9606.ENSP00000332973,9606.ENSP00000338010,9606.ENSP00000338034,9606.ENSP00000339804,9606.ENSP00000344544,9606.ENSP00000348849,9606.ENSP00000355077,9606.ENSP00000368100,9606.ENSP00000370842,9606.ENSP00000373272,9606.ENSP00000377668,9606.ENSP00000377724,9606.ENSP00000379111,9606.ENSP00000380855,9606.ENSP00000381008,9606.ENSP00000384126,9606.ENSP00000384259,9606.ENSP00000387462,9606.ENSP00000395708,9606.ENSP00000398410,9606.ENSP00000398880,9606.ENSP00000411532,9606.ENSP00000415049,9606.ENSP00000415998,9606.ENSP00000416696,9606.ENSP00000417601,9606.ENSP00000429309,9606.ENSP00000433205,9606.ENSP00000449396,9606.ENSP00000478179,9606.ENSP00000481859,9606.ENSP00000490767	RPAP3,HDAC7,CSF3,CYP27B1,IL4,IL5,IRF1,NR1D1,PPP1R1B,BACH2,GDF11,RORA,AFF4,CDK2,ERBB3,PNMT,DYNC1LI1,UHRF2,MMP10,CAMK4,MED1,PGAP3,GSDMA,RNASE3,IL13,GLB1,GLS2,STAT2,CCR4,SMAD3,IL21R,SPRYD4,TSLP,IKZF3,RPS26,NSMCE1,RAD50,IL33,TRIM71,SUOX,ORMDL3,IL4R,PDCD1LG2,MUC16,LRRC32,ATG4B,ZBTB10,RAPGEF3,KDM8,CDK12,TOP2A,GSDMB,SLC48A1,RIC1,FBXL2,TPD52,EMSY,SMARCC2,CASP8AP2,PAN2,ING5
TISSUES	BTO:0001297	Sputum	2	7	1.89	0.0449	9606.ENSP00000231454,9606.ENSP00000302324	IL5,RNASE3
COMPARTMENTS	GOCC:0071742	IgE immunoglobulin complex	6	13	2.1	1.13e-07	9606.ENSP00000231449,9606.ENSP00000231454,9606.ENSP00000302324,9606.ENSP00000304915,9606.ENSP00000339804,9606.ENSP00000370842	IL4,IL5,RNASE3,IL13,TSLP,IL33
COMPARTMENTS	GOCC:0016516	interleukin-4 receptor complex	3	5	2.22	0.0020	9606.ENSP00000231449,9606.ENSP00000304915,9606.ENSP00000379111	IL4,IL13,IL4R
COMPARTMENTS	GOCC:0070701	Mucus layer	3	12	1.84	0.0117	9606.ENSP00000231449,9606.ENSP00000231454,9606.ENSP00000304915	IL4,IL5,IL13
COMPARTMENTS	GOCC:0032991	Protein-containing complex	35	5325	0.25	0.0358	9606.ENSP00000005386,9606.ENSP00000080059,9606.ENSP00000231449,9606.ENSP00000231454,9606.ENSP00000245414,9606.ENSP00000257868,9606.ENSP00000264260,9606.ENSP00000265343,9606.ENSP00000266970,9606.ENSP00000267101,9606.ENSP00000273130,9606.ENSP00000279441,9606.ENSP00000300651,9606.ENSP00000302324,9606.ENSP00000304915,9606.ENSP00000306920,9606.ENSP00000310447,9606.ENSP00000315768,9606.ENSP00000332973,9606.ENSP00000339804,9606.ENSP00000348849,9606.ENSP00000355077,9606.ENSP00000368100,9606.ENSP00000369545,9606.ENSP00000370842,9606.ENSP00000377724,9606.ENSP00000379111,9606.ENSP00000384126,9606.ENSP00000398880,9606.ENSP00000411532,9606.ENSP00000416696,9606.ENSP00000417601,9606.ENSP00000449396,9606.ENSP00000481859,9606.ENSP00000490767	RPAP3,HDAC7,IL4,IL5,IRF1,GDF11,IL18RAP,AFF4,CDK2,ERBB3,DYNC1LI1,MMP10,MED1,RNASE3,IL13,GLB1,GLS2,STAT2,SMAD3,TSLP,RPS26,NSMCE1,RAD50,NABP2,IL33,ORMDL3,IL4R,LRRC32,CDK12,TOP2A,RIC1,FBXL2,SMARCC2,PAN2,ING5
COMPARTMENTS	GOCC:0099126	Transforming growth factor beta complex	3	20	1.61	0.0358	9606.ENSP00000231449,9606.ENSP00000304915,9606.ENSP00000332973	IL4,IL13,SMAD3
COMPARTMENTS	GOCC:0043514	interleukin-12 complex	3	24	1.53	0.0418	9606.ENSP00000231449,9606.ENSP00000231454,9606.ENSP00000304915	IL4,IL5,IL13
UniProt Keywords	KW-0202	Cytokine	7	187	1.01	0.0045	9606.ENSP00000225474,9606.ENSP00000231449,9606.ENSP00000231454,9606.ENSP00000257868,9606.ENSP00000304915,9606.ENSP00000339804,9606.ENSP00000370842	CSF3,IL4,IL5,GDF11,IL13,TSLP,IL33
